run_id,n_qubits,depth_layers,noise_level,p1,p2,p_ro,seed,method,circuit_attempts,E_exact,E_ideal_shots,E_noisy_exact,E_hat,E_hat_clipped,abs_error,signed_error,rel_error,abs_error_none,improvement_pct,error_reduction_factor,M_exact,M_hat,M_abs_error,P_succ_exact,P_succ_hat,P_succ_ratio,E_lambda1,E_lambda3,E_lambda5,E_richardson,E_linear,E_exp,extrapolation_out_of_range,hellinger_fidelity,tvd,rem_negative_mass,rem_condition_number,est_std,shot_noise_floor,n_circuits,total_shots,base_depth,max_depth,base_cx,total_cx,total_1q,total_gates,time_quantum_s,time_classical_s
n2_L2_ideal_s0,2,2,ideal,0,0,0,0,none,1,0.7273383662,0.701171875,0.7273383662,0.7265625,0.7265625,0.0007758661877,-0.0007758661877,0.001066719733,0.0007758661877,,,-0.1419939556,-0.169921875,0.02792791938,0.5028315694,0.5166015625,1.027384902,,,,,,,,0.9996959468,0.01673453203,,,0.02147188691,0.02144621955,1,1024,6,6,2,2,8,10,0.001762200001,0.0001792400006
n2_L2_ideal_s0,2,2,ideal,0,0,0,0,rem,1,0.7273383662,0.701171875,0.7273383662,0.7265625,0.7265625,0.0007758661877,-0.0007758661877,0.001066719733,0.0007758661877,0,1,-0.1419939556,-0.169921875,0.02792791938,0.5028315694,0.5166015625,1.027384902,,,,,,,,0.9996959468,0.01673453203,0,1,,0.02144621955,5,5120,6,6,2,2,12,14,0.006570900001,0.0001792400006
n2_L2_ideal_s0,2,2,ideal,0,0,0,0,rem_tensored,1,0.7273383662,0.701171875,0.7273383662,0.7265625,0.7265625,0.0007758661877,-0.0007758661877,0.001066719733,0.0007758661877,0,1,-0.1419939556,-0.169921875,0.02792791938,0.5028315694,0.5166015625,1.027384902,,,,,,,,0.9996959468,0.01673453203,0,1,,0.02144621955,3,3072,6,6,2,2,10,12,0.004305899998,0.0001792400006
n2_L2_ideal_s0,2,2,ideal,0,0,0,0,zne,1,0.7273383662,0.701171875,0.7273383662,0.7121582031,0.7121582031,0.01518016306,-0.01518016306,0.02087084054,0.0007758661877,-1856.543964,0.05111053053,-0.1419939556,-0.1695556641,0.02756170844,0.5028315694,0.5128173828,1.019859162,0.7265625,0.73046875,0.701171875,0.7121582031,0.7384440104,0.7387305696,0,,,,,0.04901383786,0.02144621955,3,3072,6,30,2,18,72,90,0.005986500004,0.0001792400006
n2_L2_ideal_s0,2,2,ideal,0,0,0,0,zne_rem,1,0.7273383662,0.701171875,0.7273383662,0.7121582031,0.7121582031,0.01518016306,-0.01518016306,0.02087084054,0.0007758661877,-1856.543964,0.05111053053,-0.1419939556,-0.1695556641,0.02756170844,0.5028315694,0.5128173828,1.019859162,0.7265625,0.73046875,0.701171875,0.7121582031,0.7384440104,0.7387305696,0,,,0,1,,0.02144621955,7,7168,6,30,2,18,76,94,0.0107952,0.0001792400006
n2_L2_ideal_s1,2,2,ideal,0,0,0,1,none,1,0.3687012084,0.3828125,0.3687012084,0.3828125,0.3828125,0.01411129161,0.01411129161,0.03827297359,0.01411129161,,,0.5597154959,0.5546875,0.005027995925,0.6220330501,0.623046875,1.001629857,,,,,,,,0.9997623787,0.007055645806,,,0.02886956439,0.0290483739,1,1024,6,6,2,2,8,10,0.001501999999,0.0001826
n2_L2_ideal_s1,2,2,ideal,0,0,0,1,rem,1,0.3687012084,0.3828125,0.3687012084,0.3828125,0.3828125,0.01411129161,0.01411129161,0.03827297359,0.01411129161,0,1,0.5597154959,0.5546875,0.005027995925,0.6220330501,0.623046875,1.001629857,,,,,,,,0.9997623787,0.007055645806,0,1,,0.0290483739,5,5120,6,6,2,2,12,14,0.006212100001,0.0001826
n2_L2_ideal_s1,2,2,ideal,0,0,0,1,rem_tensored,1,0.3687012084,0.3828125,0.3687012084,0.3828125,0.3828125,0.01411129161,0.01411129161,0.03827297359,0.01411129161,0,1,0.5597154959,0.5546875,0.005027995925,0.6220330501,0.623046875,1.001629857,,,,,,,,0.9997623787,0.007055645806,0,1,,0.0290483739,3,3072,6,6,2,2,10,12,0.003789399998,0.0001826
n2_L2_ideal_s1,2,2,ideal,0,0,0,1,zne,1,0.3687012084,0.3828125,0.3687012084,0.4396972656,0.4396972656,0.07099605724,0.07099605724,0.1925571591,0.01411129161,-403.1152299,0.1987616237,0.5597154959,0.5631103516,0.003394855638,0.6220330501,0.6414794922,1.031262715,0.3828125,0.349609375,0.423828125,0.4396972656,0.3546549479,0.3559865346,0,,,,,0.06619773544,0.0290483739,3,3072,6,30,2,18,72,90,0.005860500001,0.0001826
n2_L2_ideal_s1,2,2,ideal,0,0,0,1,zne_rem,1,0.3687012084,0.3828125,0.3687012084,0.4396972656,0.4396972656,0.07099605724,0.07099605724,0.1925571591,0.01411129161,-403.1152299,0.1987616237,0.5597154959,0.5631103516,0.003394855638,0.6220330501,0.6414794922,1.031262715,0.3828125,0.349609375,0.423828125,0.4396972656,0.3546549479,0.3559865346,0,,,0,1,,0.0290483739,7,7168,6,30,2,18,76,94,0.0105706,0.0001826
n2_L2_ideal_s2,2,2,ideal,0,0,0,2,none,1,-0.8724803118,-0.869140625,-0.8724803118,-0.8828125,-0.8828125,0.0103321882,-0.0103321882,0.01184231674,0.0103321882,,,0.01761410829,0.029296875,0.01168276671,0.9211911783,0.92578125,1.004982757,,,,,,,,0.9989736437,0.008424430404,,,0.01467892336,0.01527028957,1,1024,6,6,2,2,8,10,0.001692899998,0.0001920000002
n2_L2_ideal_s2,2,2,ideal,0,0,0,2,rem,1,-0.8724803118,-0.869140625,-0.8724803118,-0.8828125,-0.8828125,0.0103321882,-0.0103321882,0.01184231674,0.0103321882,0,1,0.01761410829,0.029296875,0.01168276671,0.9211911783,0.92578125,1.004982757,,,,,,,,0.9989736437,0.008424430404,0,1,,0.01527028957,5,5120,6,6,2,2,12,14,0.006561599996,0.0001920000002
n2_L2_ideal_s2,2,2,ideal,0,0,0,2,rem_tensored,1,-0.8724803118,-0.869140625,-0.8724803118,-0.8828125,-0.8828125,0.0103321882,-0.0103321882,0.01184231674,0.0103321882,0,1,0.01761410829,0.029296875,0.01168276671,0.9211911783,0.92578125,1.004982757,,,,,,,,0.9989736437,0.008424430404,0,1,,0.01527028957,3,3072,6,6,2,2,10,12,0.004192499997,0.0001920000002
n2_L2_ideal_s2,2,2,ideal,0,0,0,2,zne,1,-0.8724803118,-0.869140625,-0.8724803118,-0.8857421875,-0.8857421875,0.0132618757,-0.0132618757,0.01520020053,0.0103321882,-28.35495679,0.7790895069,0.01761410829,0.04028320312,0.02266909483,0.9211911783,0.9282226562,1.007633028,-0.8828125,-0.876953125,-0.87109375,-0.8857421875,-0.8857421875,-0.8857733288,0,,,,,0.03380893856,0.01527028957,3,3072,6,30,2,18,72,90,0.0060409,0.0001920000002
n2_L2_ideal_s2,2,2,ideal,0,0,0,2,zne_rem,1,-0.8724803118,-0.869140625,-0.8724803118,-0.8857421875,-0.8857421875,0.0132618757,-0.0132618757,0.01520020053,0.0103321882,-28.35495679,0.7790895069,0.01761410829,0.04028320312,0.02266909483,0.9211911783,0.9282226562,1.007633028,-0.8828125,-0.876953125,-0.87109375,-0.8857421875,-0.8857421875,-0.8857733288,0,,,0,1,,0.01527028957,7,7168,6,30,2,18,76,94,0.0109096,0.0001920000002
n2_L2_ideal_s3,2,2,ideal,0,0,0,3,none,1,0.8506326146,0.861328125,0.8506326146,0.83984375,0.83984375,0.01078886457,-0.01078886457,0.01268334224,0.01078886457,,,0.2227985487,0.28125,0.05845145135,0.574057428,0.6005859375,1.046212292,,,,,,,,0.9988148463,0.03228603142,,,0.01696338185,0.01643001716,1,1024,6,6,2,2,8,10,0.0015126,0.0001763
n2_L2_ideal_s3,2,2,ideal,0,0,0,3,rem,1,0.8506326146,0.861328125,0.8506326146,0.83984375,0.83984375,0.01078886457,-0.01078886457,0.01268334224,0.01078886457,0,1,0.2227985487,0.28125,0.05845145135,0.574057428,0.6005859375,1.046212292,,,,,,,,0.9988148463,0.03228603142,0,1,,0.01643001716,5,5120,6,6,2,2,12,14,0.006362100001,0.0001763
n2_L2_ideal_s3,2,2,ideal,0,0,0,3,rem_tensored,1,0.8506326146,0.861328125,0.8506326146,0.83984375,0.83984375,0.01078886457,-0.01078886457,0.01268334224,0.01078886457,0,1,0.2227985487,0.28125,0.05845145135,0.574057428,0.6005859375,1.046212292,,,,,,,,0.9988148463,0.03228603142,0,1,,0.01643001716,3,3072,6,6,2,2,10,12,0.004037400002,0.0001763
n2_L2_ideal_s3,2,2,ideal,0,0,0,3,zne,1,0.8506326146,0.861328125,0.8506326146,0.828125,0.828125,0.02250761457,-0.02250761457,0.02645985374,0.01078886457,-108.6189369,0.4793428703,0.2227985487,0.3132324219,0.09043387322,0.574057428,0.6136474609,1.068965283,0.83984375,0.845703125,0.828125,0.828125,0.8466796875,0.8467354146,0,,,,,0.03859200249,0.01643001716,3,3072,6,30,2,18,72,90,0.005925599999,0.0001763
n2_L2_ideal_s3,2,2,ideal,0,0,0,3,zne_rem,1,0.8506326146,0.861328125,0.8506326146,0.828125,0.828125,0.02250761457,-0.02250761457,0.02645985374,0.01078886457,-108.6189369,0.4793428703,0.2227985487,0.3132324219,0.09043387322,0.574057428,0.6136474609,1.068965283,0.83984375,0.845703125,0.828125,0.828125,0.8466796875,0.8467354146,0,,,0,1,,0.01643001716,7,7168,6,30,2,18,76,94,0.0107751,0.0001763
n2_L2_ideal_s4,2,2,ideal,0,0,0,4,none,1,-0.6255070984,-0.625,-0.6255070984,-0.6796875,-0.6796875,0.05418040158,-0.05418040158,0.08661836408,0.05418040158,,,-0.1712907114,-0.138671875,0.03261883639,0.781411438,0.8125,1.039785138,,,,,,,,0.9979975378,0.03385287981,,,0.0229219315,0.02438182737,1,1024,6,6,2,2,8,10,0.001554400002,0.00014018
n2_L2_ideal_s4,2,2,ideal,0,0,0,4,rem,1,-0.6255070984,-0.625,-0.6255070984,-0.6796875,-0.6796875,0.05418040158,-0.05418040158,0.08661836408,0.05418040158,0,1,-0.1712907114,-0.138671875,0.03261883639,0.781411438,0.8125,1.039785138,,,,,,,,0.9979975378,0.03385287981,0,1,,0.02438182737,5,5120,6,6,2,2,12,14,0.006272000002,0.00014018
n2_L2_ideal_s4,2,2,ideal,0,0,0,4,rem_tensored,1,-0.6255070984,-0.625,-0.6255070984,-0.6796875,-0.6796875,0.05418040158,-0.05418040158,0.08661836408,0.05418040158,0,1,-0.1712907114,-0.138671875,0.03261883639,0.781411438,0.8125,1.039785138,,,,,,,,0.9979975378,0.03385287981,0,1,,0.02438182737,3,3072,6,6,2,2,10,12,0.004118200002,0.00014018
n2_L2_ideal_s4,2,2,ideal,0,0,0,4,zne,1,-0.6255070984,-0.625,-0.6255070984,-0.7932128906,-0.7932128906,0.1677057922,-0.1677057922,0.2681117331,0.05418040158,-209.5322059,0.3230681592,-0.1712907114,-0.07165527344,0.09963543795,0.781411438,0.8767089844,1.121955658,-0.6796875,-0.5859375,-0.669921875,-0.7932128906,-0.6525065104,-0.650791824,0,,,,,0.05408205167,0.02438182737,3,3072,6,30,2,18,72,90,0.005582999998,0.00014018
n2_L2_ideal_s4,2,2,ideal,0,0,0,4,zne_rem,1,-0.6255070984,-0.625,-0.6255070984,-0.7932128906,-0.7932128906,0.1677057922,-0.1677057922,0.2681117331,0.05418040158,-209.5322059,0.3230681592,-0.1712907114,-0.07165527344,0.09963543795,0.781411438,0.8767089844,1.121955658,-0.6796875,-0.5859375,-0.669921875,-0.7932128906,-0.6525065104,-0.650791824,0,,,0,1,,0.02438182737,7,7168,6,30,2,18,76,94,0.0103006,0.00014018
n2_L2_low_s0,2,2,low,0.001,0.005,0.01,0,none,1,0.7273383662,0.701171875,0.6879929526,0.65234375,0.65234375,0.07499461619,-0.07499461619,0.1031082914,0.07499461619,,,-0.1419939556,-0.146484375,0.004490419376,0.5028315694,0.486328125,0.9671789813,,,,,,,,0.9964239919,0.03749730809,,,0.02368510113,0.02144621955,1,1024,6,6,2,2,8,10,0.002724900001,0.0001570599998
n2_L2_low_s0,2,2,low,0.001,0.005,0.01,0,rem,1,0.7273383662,0.701171875,0.6879929526,0.6766119966,0.6766119966,0.05072636956,-0.05072636956,0.06974246364,0.07499461619,32.3599851,1.478414813,-0.1419939556,-0.1535581054,0.0115641498,0.5028315694,0.4959320519,0.9862786708,,,,,,,,0.9983191176,0.02536318478,0,1.039199727,,0.02144621955,5,5120,6,6,2,2,12,14,0.009816200003,0.0001570599998
n2_L2_low_s0,2,2,low,0.001,0.005,0.01,0,rem_tensored,1,0.7273383662,0.701171875,0.6879929526,0.6804457711,0.6804457711,0.04689259504,-0.04689259504,0.06447149941,0.07499461619,37.47205143,1.599284836,-0.1419939556,-0.1502487562,0.008254800595,0.5028315694,0.4952358209,0.9848940502,,,,,,,,0.9985409347,0.02344629752,0,1.043942755,,0.02144621955,3,3072,6,6,2,2,10,12,0.006720599999,0.0001570599998
n2_L2_low_s0,2,2,low,0.001,0.005,0.01,0,zne,1,0.7273383662,0.701171875,0.6879929526,0.6491699219,0.6491699219,0.07816844431,-0.07816844431,0.1074719112,0.07499461619,-4.232074629,0.9593975785,-0.1419939556,-0.09020996094,0.05178399469,0.5028315694,0.4573974609,0.9096434846,0.65234375,0.642578125,0.611328125,0.6491699219,0.6661783854,0.6668741298,0,,,,,0.05435116354,0.02144621955,3,3072,6,30,2,18,72,90,0.009134100001,0.0001570599998
n2_L2_low_s0,2,2,low,0.001,0.005,0.01,0,zne_rem,1,0.7273383662,0.701171875,0.6879929526,0.6729819336,0.6729819336,0.05435643257,-0.05435643257,0.07473334984,0.07499461619,27.51955362,1.379682452,-0.1419939556,-0.09624329347,0.04575066215,0.5028315694,0.4663671301,0.9274818022,0.6766119966,0.6665927042,0.6335341871,0.6729819336,0.6912213198,0.6919647912,0,,,0,1.039199727,,0.02144621955,7,7168,6,30,2,18,76,94,0.0162254,0.0001570599998
n2_L2_low_s1,2,2,low,0.001,0.005,0.01,1,none,1,0.3687012084,0.3828125,0.3481997362,0.3671875,0.3671875,0.001513708388,-0.001513708388,0.004105515126,0.001513708388,,,0.5597154959,0.548828125,0.01088737092,0.6220330501,0.6162109375,0.9906401878,,,,,,,,0.9994898042,0.01572717001,,,0.02906709204,0.0290483739,1,1024,6,6,2,2,8,10,0.003610799999,0.00022742
n2_L2_low_s1,2,2,low,0.001,0.005,0.01,1,rem,1,0.3687012084,0.3828125,0.3481997362,0.3775412425,0.3775412425,0.008840034087,0.008840034087,0.02397614623,0.001513708388,-483.9984873,0.1712333203,0.5597154959,0.5580633688,0.001652127168,0.6220330501,0.623416995,1.002224874,,,,,,,,0.9995403702,0.0135307166,0,1.033375808,,0.0290483739,5,5120,6,6,2,2,12,14,0.0117514,0.00022742
n2_L2_low_s1,2,2,low,0.001,0.005,0.01,1,rem_tensored,1,0.3687012084,0.3828125,0.3481997362,0.3848804407,0.3848804407,0.01617923229,0.01617923229,0.04388169043,0.001513708388,-968.8473697,0.09355872769,0.5597154959,0.5642626455,0.004547149546,0.6220330501,0.6283514329,1.010157632,,,,,,,,0.9998384681,0.01022778757,0,1.033824045,,0.0290483739,3,3072,6,6,2,2,10,12,0.008610599998,0.00022742
n2_L2_low_s1,2,2,low,0.001,0.005,0.01,1,zne,1,0.3687012084,0.3828125,0.3481997362,0.3698730469,0.3698730469,0.001171838487,0.001171838487,0.003178287623,0.001513708388,22.58492477,1.291738072,0.5597154959,0.5457763672,0.01393912874,0.6220330501,0.6153564453,0.9892664791,0.3671875,0.33984375,0.283203125,0.3698730469,0.3930664063,0.3987317244,0,,,,,0.06668059002,0.0290483739,3,3072,6,30,2,18,72,90,0.0117715,0.00022742
n2_L2_low_s1,2,2,low,0.001,0.005,0.01,1,zne_rem,1,0.3687012084,0.3828125,0.3481997362,0.3803277957,0.3803277957,0.01162658735,0.01162658735,0.03153390084,0.001513708388,-668.0863395,0.1301936968,0.5597154959,0.5549325467,0.004782949236,0.6220330501,0.6225482223,1.000828207,0.3775412425,0.3493989718,0.2911644824,0.3803277957,0.4041508023,0.4099784002,0,,,0,1.033375808,,0.0290483739,7,7168,6,30,2,18,76,94,0.0199121,0.00022742
n2_L2_low_s2,2,2,low,0.001,0.005,0.01,2,none,1,-0.8724803118,-0.869140625,-0.8248324,-0.826171875,-0.826171875,0.0463084368,0.0463084368,0.05307676996,0.0463084368,,,0.01761410829,0.0185546875,0.0009405792074,0.9211911783,0.890625,0.9668188547,,,,,,,,0.997136873,0.03056617834,,,0.01760681778,0.01527028957,1,1024,6,6,2,2,8,10,0.003062799999,0.0001707199997
n2_L2_low_s2,2,2,low,0.001,0.005,0.01,2,rem,1,-0.8724803118,-0.869140625,-0.8248324,-0.8489557941,-0.8489557941,0.02352451772,0.02352451772,0.02696280638,0.0463084368,49.20036317,1.96851801,0.01761410829,0.0208061925,0.003192084212,0.9211911783,0.9024403896,0.9796450627,,,,,,,,0.9987420316,0.01875078872,0,1.030995309,,0.01527028957,5,5120,6,6,2,2,12,14,0.0116029,0.0001707199997
n2_L2_low_s2,2,2,low,0.001,0.005,0.01,2,rem_tensored,1,-0.8724803118,-0.869140625,-0.8248324,-0.8629910308,-0.8629910308,0.009489280984,0.009489280984,0.01087621217,0.0463084368,79.50852665,4.880078573,0.01761410829,0.02058021422,0.002966105932,0.9211911783,0.9095036046,0.9873125427,,,,,,,,0.9992106874,0.0116875737,0,1.040538187,,0.01527028957,3,3072,6,6,2,2,10,12,0.007385599998,0.0001707199997
n2_L2_low_s2,2,2,low,0.001,0.005,0.01,2,zne,1,-0.8724803118,-0.869140625,-0.8248324,-0.8168945312,-0.8168945312,0.05558578055,0.05558578055,0.06371006864,0.0463084368,-20.03380894,0.8330986152,0.01761410829,0.003173828125,0.01444028017,0.9211911783,0.8892822266,0.9653612057,-0.826171875,-0.8125,-0.755859375,-0.8168945312,-0.8509114583,-0.8526097836,0,,,,,0.04083226721,0.01527028957,3,3072,6,30,2,18,72,90,0.0106287,0.0001707199997
n2_L2_low_s2,2,2,low,0.001,0.005,0.01,2,zne_rem,1,-0.8724803118,-0.869140625,-0.8248324,-0.8394408523,-0.8394408523,0.03303945949,0.03303945949,0.03786842986,0.0463084368,28.65347705,1.401609999,0.01761410829,0.005171077135,0.01244303116,0.9211911783,0.9010204553,0.9781036515,-0.8489557941,-0.8348192521,-0.7764608093,-0.8394408523,-0.8744498571,-0.8762065795,0,,,0,1.030995309,,0.01527028957,7,7168,6,30,2,18,76,94,0.0191688,0.0001707199997
n2_L2_low_s3,2,2,low,0.001,0.005,0.01,3,none,1,0.8506326146,0.861328125,0.8043410135,0.814453125,0.814453125,0.03617948957,-0.03617948957,0.0425324505,0.03617948957,,,0.2227985487,0.1923828125,0.03041573615,0.574057428,0.5498046875,0.9577520658,,,,,,,,0.9953555266,0.02425274047,,,0.01813216742,0.01643001716,1,1024,6,6,2,2,8,10,0.003187799997,0.0001529599998
n2_L2_low_s3,2,2,low,0.001,0.005,0.01,3,rem,1,0.8506326146,0.861328125,0.8043410135,0.8486575275,0.8486575275,0.001975087114,-0.001975087114,0.002321903816,0.03617948957,94.54086518,18.31792093,0.2227985487,0.1994216265,0.02337692215,0.574057428,0.5618751951,0.978778721,,,,,,,,0.9986924156,0.01552468184,0,1.037058841,,0.01643001716,5,5120,6,6,2,2,12,14,0.0105271,0.0001529599998
n2_L2_low_s3,2,2,low,0.001,0.005,0.01,3,rem_tensored,1,0.8506326146,0.861328125,0.8043410135,0.8540720721,0.8540720721,0.0034394575,0.0034394575,0.004043411269,0.03617948957,90.49334985,10.51895236,0.2227985487,0.1955625626,0.02723598609,0.574057428,0.5612992993,0.9777755185,,,,,,,,0.9996222485,0.01447785742,0,1.049811759,,0.01643001716,3,3072,6,6,2,2,10,12,0.007213599998,0.0001529599998
n2_L2_low_s3,2,2,low,0.001,0.005,0.01,3,zne,1,0.8506326146,0.861328125,0.8043410135,0.8112792969,0.8112792969,0.0393533177,-0.0393533177,0.04626358903,0.03617948957,-8.77245136,0.9193504306,0.2227985487,0.1766357422,0.04616280646,0.574057428,0.5411376953,0.9426542867,0.814453125,0.79296875,0.734375,0.8112792969,0.8406575521,0.8427999627,0,,,,,0.04225547376,0.01643001716,3,3072,6,30,2,18,72,90,0.009803299996,0.0001529599998
n2_L2_low_s3,2,2,low,0.001,0.005,0.01,3,zne_rem,1,0.8506326146,0.861328125,0.8043410135,0.8453526023,0.8453526023,0.005280012268,-0.005280012268,0.006207159445,0.03617948957,85.40606203,6.852160135,0.2227985487,0.1833853286,0.03941322004,0.574057428,0.5530308149,0.9633719345,0.8486575275,0.8264471414,0.7658097736,0.8453526023,0.8757739629,0.877973667,0,,,0,1.037058841,,0.01643001716,7,7168,6,30,2,18,76,94,0.01714259999,0.0001529599998
n2_L2_low_s4,2,2,low,0.001,0.005,0.01,4,none,1,-0.6255070984,-0.625,-0.5922348856,-0.56640625,-0.56640625,0.05910084842,0.05910084842,0.0944846966,0.05910084842,,,-0.1712907114,-0.18359375,0.01230303861,0.781411438,0.75,0.959801666,,,,,,,,0.9975125858,0.03141143798,,,0.02575394311,0.02438182737,1,1024,6,6,2,2,8,10,0.002620799998,0.0001760200001
n2_L2_low_s4,2,2,low,0.001,0.005,0.01,4,rem,1,-0.6255070984,-0.625,-0.5922348856,-0.5874687666,-0.5874687666,0.03803833181,0.03803833181,0.06081199063,0.05910084842,35.63826437,1.5537182,-0.1712907114,-0.191297497,0.02000678558,0.781411438,0.7624097407,0.9756828523,,,,,,,,0.9993713511,0.01951297574,0,1.052754818,,0.02438182737,5,5120,6,6,2,2,12,14,0.009895199997,0.0001760200001
n2_L2_low_s4,2,2,low,0.001,0.005,0.01,4,rem_tensored,1,-0.6255070984,-0.625,-0.5922348856,-0.5932254996,-0.5932254996,0.03228159882,0.03228159882,0.05160868502,0.05910084842,45.37878951,1.830790623,-0.1712907114,-0.1961136473,0.02482293592,0.781411438,0.7662835173,0.980640262,,,,,,,,0.9985227207,0.02048186767,0,1.046337966,,0.02438182737,3,3072,6,6,2,2,10,12,0.006617999996,0.0001760200001
n2_L2_low_s4,2,2,low,0.001,0.005,0.01,4,zne,1,-0.6255070984,-0.625,-0.5922348856,-0.5864257812,-0.5864257812,0.03908131717,0.03908131717,0.06247941433,0.05910084842,33.87350907,1.512253238,-0.1712907114,-0.1877441406,0.01645342924,0.781411438,0.7456054688,0.9541778281,-0.56640625,-0.546875,-0.5546875,-0.5864257812,-0.5647786458,-0.5647174903,0,,,,,0.05913036316,0.02438182737,3,3072,6,30,2,18,72,90,0.009094999994,0.0001760200001
n2_L2_low_s4,2,2,low,0.001,0.005,0.01,4,zne_rem,1,-0.6255070984,-0.625,-0.5922348856,-0.6084582956,-0.6084582956,0.01704880282,0.01704880282,0.02725597018,0.05910084842,71.15303202,3.466568829,-0.1712907114,-0.1954809025,0.02419019112,0.781411438,0.7580696035,0.9701286246,-0.5874687666,-0.5670849269,-0.5754947115,-0.6084582956,-0.585663343,-0.5855971996,0,,,0,1.052754818,,0.02438182737,7,7168,6,30,2,18,76,94,0.01636939999,0.0001760200001
n2_L2_moderate_s0,2,2,moderate,0.01,0.02,0.03,0,none,1,0.7273383662,0.701171875,0.5859402103,0.61328125,0.61328125,0.1140571162,-0.1140571162,0.1568143817,0.1140571162,,,-0.1419939556,-0.125,0.01699395562,0.5028315694,0.4658203125,0.9263943254,,,,,,,,0.9921416795,0.05702855809,,,0.02468326919,0.02144621955,1,1024,6,6,2,2,8,10,0.002509800001,0.0001792400006
n2_L2_moderate_s0,2,2,moderate,0.01,0.02,0.03,0,rem,1,0.7273383662,0.701171875,0.5859402103,0.7131363643,0.7131363643,0.01420200193,-0.01420200193,0.01952599037,0.1140571162,87.54834209,8.031059053,-0.1419939556,-0.1395878072,0.002406148378,0.5028315694,0.4980779947,0.9905463878,,,,,,,,0.999691496,0.007228038035,0,1.148142872,,0.02144621955,5,5120,6,6,2,2,12,14,0.009866,0.0001792400006
n2_L2_moderate_s0,2,2,moderate,0.01,0.02,0.03,0,rem_tensored,1,0.7273383662,0.701171875,0.5859402103,0.7087342546,0.7087342546,0.01860411156,-0.01860411156,0.02557834486,0.1140571162,83.68877613,6.130747809,-0.1419939556,-0.1369434948,0.005050460778,0.5028315694,0.4956553111,0.985728306,,,,,,,,0.9983965062,0.01671119564,0,1.154967299,,0.02144621955,3,3072,6,6,2,2,10,12,0.006466700001,0.0001792400006
n2_L2_moderate_s0,2,2,moderate,0.01,0.02,0.03,0,zne,1,0.7273383662,0.701171875,0.5859402103,0.7302246094,0.7302246094,0.002886243187,0.002886243187,0.003968226236,0.1140571162,97.46947557,39.51750036,-0.1419939556,-0.08801269531,0.05398126031,0.5028315694,0.4765625,0.9477577166,0.61328125,0.474609375,0.462890625,0.7302246094,0.6297200521,0.6330831746,0,,,,,0.0585834052,0.02144621955,3,3072,6,30,2,18,72,90,0.0088669,0.0001792400006
n2_L2_moderate_s0,2,2,moderate,0.01,0.02,0.03,0,zne_rem,1,0.7273383662,0.701171875,0.5859402103,0.8469161082,0.8469161082,0.119577742,0.119577742,0.1644045571,0.1140571162,-4.840229146,0.9538323296,-0.1419939556,-0.09951436944,0.04247958618,0.5028315694,0.5114862118,1.017211812,0.7131363643,0.5543299861,0.5405277541,0.8469161082,0.7321211591,0.7359566872,0,,,0,1.148142872,,0.02144621955,7,7168,6,30,2,18,76,94,0.0162231,0.0001792400006
n2_L2_moderate_s1,2,2,moderate,0.01,0.02,0.03,1,none,1,0.3687012084,0.3828125,0.2922547541,0.30859375,0.30859375,0.06010745839,-0.06010745839,0.1630248478,0.06010745839,,,0.5597154959,0.490234375,0.06948112092,0.6220330501,0.572265625,0.9199923138,,,,,,,,0.9955315453,0.04990685751,,,0.02972481039,0.0290483739,1,1024,6,6,2,2,8,10,0.003137800002,0.0001866199993
n2_L2_moderate_s1,2,2,moderate,0.01,0.02,0.03,1,rem,1,0.3687012084,0.3828125,0.2922547541,0.352534639,0.352534639,0.01616656937,-0.01616656937,0.04384734578,0.06010745839,73.10388792,3.718009492,0.5597154959,0.521994068,0.03772142795,0.6220330501,0.5991306937,0.9631814478,,,,,,,,0.9982978553,0.03084856941,0,1.146375149,,0.0290483739,5,5120,6,6,2,2,12,14,0.0117183,0.0001866199993
n2_L2_moderate_s1,2,2,moderate,0.01,0.02,0.03,1,rem_tensored,1,0.3687012084,0.3828125,0.2922547541,0.3558519,0.3558519,0.01284930835,-0.01284930835,0.03485019321,0.06010745839,78.62277212,4.677875007,0.5597154959,0.5289824904,0.03073300555,0.6220330501,0.6034542202,0.9701320857,,,,,,,,0.9989610036,0.02363670688,0,1.137260383,,0.0290483739,3,3072,6,6,2,2,10,12,0.007729800003,0.0001866199993
n2_L2_moderate_s1,2,2,moderate,0.01,0.02,0.03,1,zne,1,0.3687012084,0.3828125,0.2922547541,0.3413085938,0.3413085938,0.02739261464,-0.02739261464,0.07429488706,0.06010745839,54.42726182,2.194294308,0.5597154959,0.5510253906,0.0086901053,0.6220330501,0.6108398438,0.9820054476,0.30859375,0.228515625,0.12890625,0.3413085938,0.3567708333,0.4016618005,0,,,,,0.06846551319,0.0290483739,3,3072,6,30,2,18,72,90,0.0116013,0.0001866199993
n2_L2_moderate_s1,2,2,moderate,0.01,0.02,0.03,1,zne_rem,1,0.3687012084,0.3828125,0.2922547541,0.3899588861,0.3899588861,0.02125767768,0.02125767768,0.05765556824,0.06010745839,64.63387698,2.827564671,0.5597154959,0.5870219342,0.02730643824,0.6220330501,0.6410006886,1.030492975,0.352534639,0.2608014658,0.146555387,0.3899588861,0.4077816029,0.4596259535,0,,,0,1.146375149,,0.0290483739,7,7168,6,30,2,18,76,94,0.0201818,0.0001866199993
n2_L2_moderate_s2,2,2,moderate,0.01,0.02,0.03,2,none,1,-0.8724803118,-0.869140625,-0.6990009359,-0.6953125,-0.6953125,0.1771678118,0.1771678118,0.2030622461,0.1771678118,,,0.01761410829,0.029296875,0.01168276671,0.9211911783,0.8134765625,0.8830702916,,,,,,,,0.9737832427,0.1077146158,,,0.02245961061,0.01527028957,1,1024,6,6,2,2,8,10,0.003110600002,0.0001504
n2_L2_moderate_s2,2,2,moderate,0.01,0.02,0.03,2,rem,1,-0.8724803118,-0.869140625,-0.6990009359,-0.784490348,-0.784490348,0.08798996384,0.08798996384,0.1008503718,0.1771678118,50.33524265,2.013500223,0.01761410829,0.04221228866,0.02459818036,0.9211911783,0.8626921722,0.9364963457,,,,,,,,0.990588605,0.05849900616,0,1.1475917,,0.01527028957,5,5120,6,6,2,2,12,14,0.0102956,0.0001504
n2_L2_moderate_s2,2,2,moderate,0.01,0.02,0.03,2,rem_tensored,1,-0.8724803118,-0.869140625,-0.6990009359,-0.7825778117,-0.7825778117,0.08990250014,0.08990250014,0.10304244,0.1771678118,49.25573713,1.970666127,0.01761410829,0.02863850172,0.01102439343,0.9211911783,0.8587110942,0.9321746825,,,,,,,,0.9896225307,0.06248008417,0,1.135713092,,0.01527028957,3,3072,6,6,2,2,10,12,0.007166000003,0.0001504
n2_L2_moderate_s2,2,2,moderate,0.01,0.02,0.03,2,zne,1,-0.8724803118,-0.869140625,-0.6990009359,-0.7690429688,-0.7690429688,0.1034373431,0.1034373431,0.1185555039,0.1771678118,41.61617621,1.712803196,0.01761410829,0.04028320312,0.02266909483,0.9211911783,0.8562011719,0.9294500338,-0.6953125,-0.57421875,-0.48828125,-0.7690429688,-0.7412109375,-0.7558604877,0,,,,,0.05385855201,0.01527028957,3,3072,6,30,2,18,72,90,0.009661300002,0.0001504
n2_L2_moderate_s2,2,2,moderate,0.01,0.02,0.03,2,zne_rem,1,-0.8724803118,-0.869140625,-0.6990009359,-0.8690307468,-0.8690307468,0.003449565024,0.003449565024,0.003953745405,0.1771678118,98.05293919,51.35946433,0.01761410829,0.05507820434,0.03746409604,0.9211911783,0.9095228609,0.9873334464,-0.784490348,-0.6459571952,-0.5481542355,-0.8690307468,-0.8367860106,-0.8537453064,0,,,0,1.1475917,,0.01527028957,7,7168,6,30,2,18,76,94,0.0168463,0.0001504
n2_L2_moderate_s3,2,2,moderate,0.01,0.02,0.03,3,none,1,0.8506326146,0.861328125,0.6828954655,0.732421875,0.732421875,0.1182107396,-0.1182107396,0.138968031,0.1182107396,,,0.2227985487,0.1513671875,0.07143136115,0.574057428,0.5087890625,0.8863034214,,,,,,,,0.9658229062,0.06526836547,,,0.02127659634,0.01643001716,1,1024,6,6,2,2,8,10,0.002582000001,0.0001645199998
n2_L2_moderate_s3,2,2,moderate,0.01,0.02,0.03,3,rem,1,0.8506326146,0.861328125,0.6828954655,0.8448673586,0.8448673586,0.005765255978,-0.005765255978,0.006777609839,0.1182107396,95.1229,20.50398803,0.2227985487,0.1657688684,0.05702968028,0.574057428,0.5441012738,0.947816799,,,,,,,,0.9830931906,0.05244619223,0,1.146241879,,0.01643001716,5,5120,6,6,2,2,12,14,0.009944100002,0.0001645199998
n2_L2_moderate_s3,2,2,moderate,0.01,0.02,0.03,3,rem_tensored,1,0.8506326146,0.861328125,0.6828954655,0.8281726287,0.8281726287,0.02245998589,-0.02245998589,0.02640386167,0.1182107396,81.00004621,5.263170696,0.2227985487,0.1506694749,0.07212907378,0.574057428,0.5323778946,0.9273948366,,,,,,,,0.985461714,0.05387061446,0,1.137338351,,0.01643001716,3,3072,6,6,2,2,10,12,0.006652600001,0.0001645199998
n2_L2_moderate_s3,2,2,moderate,0.01,0.02,0.03,3,zne,1,0.8506326146,0.861328125,0.6828954655,0.8803710938,0.8803710938,0.02973847918,0.02973847918,0.03496042671,0.1182107396,74.84282791,3.975009578,0.2227985487,0.1188964844,0.1039020643,0.574057428,0.5295410156,0.9224530331,0.732421875,0.52734375,0.443359375,0.8803710938,0.7845052083,0.809172398,0,,,,,0.05294695916,0.01643001716,3,3072,6,30,2,18,72,90,0.008991200004,0.0001645199998
n2_L2_moderate_s3,2,2,moderate,0.01,0.02,0.03,3,zne_rem,1,0.8506326146,0.861328125,0.6828954655,1.012982343,1,0.1623497283,0.1623497283,0.1908576341,0.1182107396,-37.33923743,0.728124037,0.2227985487,0.1322348194,0.09056372922,0.574057428,0.5693629954,0.9918223643,0.8448673586,0.61109581,0.5139354881,1.012982343,0.9048317885,0.9329221934,1,,,0,1.146241879,,0.01643001716,7,7168,6,30,2,18,76,94,0.0163533,0.0001645199998
n2_L2_moderate_s4,2,2,moderate,0.01,0.02,0.03,4,none,1,-0.6255070984,-0.625,-0.508743758,-0.48046875,-0.48046875,0.1450383484,0.1450383484,0.2318732254,0.1450383484,,,-0.1712907114,-0.17578125,0.004490538613,0.781411438,0.6669921875,0.853573617,,,,,,,,0.9716816323,0.1144192505,,,0.02740662023,0.02438182737,1,1024,6,6,2,2,8,10,0.003010199998,0.0001339599999
n2_L2_moderate_s4,2,2,moderate,0.01,0.02,0.03,4,rem,1,-0.6255070984,-0.625,-0.508743758,-0.5296420197,-0.5296420197,0.09586507872,0.09586507872,0.1532597775,0.1450383484,33.90363324,1.512942464,-0.1712907114,-0.1993187994,0.02802808797,0.781411438,0.6971719599,0.8921957448,,,,,,,,0.9869318959,0.08423947812,0,1.13059498,,0.02438182737,5,5120,6,6,2,2,12,14,0.0102102,0.0001339599999
n2_L2_moderate_s4,2,2,moderate,0.01,0.02,0.03,4,rem_tensored,1,-0.6255070984,-0.625,-0.508743758,-0.5590221911,-0.5590221911,0.06648490729,0.06648490729,0.1062896128,0.1450383484,54.16046307,2.18152291,-0.1712907114,-0.1934309366,0.02214022517,0.781411438,0.710500397,0.9092526196,,,,,,,,0.9892820458,0.07091104102,0,1.164343411,,0.02438182737,3,3072,6,6,2,2,10,12,0.006973399999,0.0001339599999
n2_L2_moderate_s4,2,2,moderate,0.01,0.02,0.03,4,zne,1,-0.6255070984,-0.625,-0.508743758,-0.5317382812,-0.5317382812,0.09376881717,0.09376881717,0.1499084781,0.1450383484,35.34894861,1.546765255,-0.1712907114,-0.17578125,0.004490538613,0.781411438,0.6929931641,0.8868479912,-0.48046875,-0.404296875,-0.36328125,-0.5317382812,-0.50390625,-0.5096469859,0,,,,,0.06353216853,0.02438182737,3,3072,6,30,2,18,72,90,0.009447899996,0.0001339599999
n2_L2_moderate_s4,2,2,moderate,0.01,0.02,0.03,4,zne_rem,1,-0.6255070984,-0.625,-0.508743758,-0.5877054869,-0.5877054869,0.03780161149,0.03780161149,0.06043354518,0.1450383484,73.93681609,3.836829772,-0.1712907114,-0.1995905425,0.02829983108,0.781411438,0.7255899674,0.9285632794,-0.5296420197,-0.4433465763,-0.3968264543,-0.5877054869,-0.5562166908,-0.5629612451,0,,,0,1.13059498,,0.02438182737,7,7168,6,30,2,18,76,94,0.0166479,0.0001339599999
n2_L2_high_s0,2,2,high,0.03,0.05,0.05,0,none,1,0.7273383662,0.701171875,0.4542908547,0.451171875,0.451171875,0.2761664912,-0.2761664912,0.3796946566,0.2761664912,,,-0.1419939556,-0.1357421875,0.006251768124,0.5028315694,0.4306640625,0.8564777726,,,,,,,,0.9688379015,0.1380832456,,,0.02788865871,0.02144621955,1,1024,6,6,2,2,8,10,0.002560000001,0.0001596000002
n2_L2_high_s0,2,2,high,0.03,0.05,0.05,0,rem,1,0.7273383662,0.701171875,0.4542908547,0.5752364682,0.5752364682,0.152101898,-0.152101898,0.2091212358,0.2761664912,44.9238402,1.81566762,-0.1419939556,-0.166801277,0.02480732139,0.5028315694,0.4772097556,0.949044938,,,,,,,,0.9890286612,0.076050949,0,1.25632021,,0.02144621955,5,5120,6,6,2,2,12,14,0.009771200002,0.0001596000002
n2_L2_high_s0,2,2,high,0.03,0.05,0.05,0,rem_tensored,1,0.7273383662,0.701171875,0.4542908547,0.561521884,0.561521884,0.1658164822,-0.1658164822,0.2279770873,0.2761664912,39.95778361,1.665494814,-0.1419939556,-0.1613054271,0.01931147145,0.5028315694,0.4710331845,0.9367613595,,,,,,,,0.9877666196,0.08290824112,0,1.245590691,,0.02144621955,3,3072,6,6,2,2,10,12,0.006457300002,0.0001596000002
n2_L2_high_s0,2,2,high,0.03,0.05,0.05,0,zne,1,0.7273383662,0.701171875,0.4542908547,0.4936523438,0.4936523438,0.2336860224,-0.2336860224,0.3212892834,0.2761664912,15.3821952,1.18178438,-0.1419939556,-0.2255859375,0.08359198188,0.5028315694,0.4862060547,0.9669362155,0.451171875,0.333984375,0.173828125,0.4936523438,0.5276692708,0.6072896571,0,,,,,0.06498635769,0.02144621955,3,3072,6,30,2,18,72,90,0.008958599999,0.0001596000002
n2_L2_high_s0,2,2,high,0.03,0.05,0.05,0,zne_rem,1,0.7273383662,0.701171875,0.4542908547,0.6307279204,0.6307279204,0.09661044578,-0.09661044578,0.1328273748,0.2761664912,65.01731786,2.85855726,-0.1419939556,-0.2686556463,0.1266616907,0.5028315694,0.5420098032,1.077915223,0.5752364682,0.4261293183,0.2261898412,0.6307279204,0.6709701795,0.7679217363,0,,,0,1.25632021,,0.02144621955,7,7168,6,30,2,18,76,94,0.0161698,0.0001596000002
n2_L2_high_s1,2,2,high,0.03,0.05,0.05,1,none,1,0.3687012084,0.3828125,0.2190438054,0.234375,0.234375,0.1343262084,-0.1343262084,0.3643226692,0.1343262084,,,0.5597154959,0.396484375,0.1632311209,0.6220330501,0.5068359375,0.8148054793,,,,,,,,0.9825030752,0.1151971126,,,0.03037957076,0.0290483739,1,1024,6,6,2,2,8,10,0.0031686,0.0002302200002
n2_L2_high_s1,2,2,high,0.03,0.05,0.05,1,rem,1,0.3687012084,0.3828125,0.2190438054,0.2763263209,0.2763263209,0.09237488749,-0.09237488749,0.2505413202,0.1343262084,31.2309276,1.454142051,0.5597154959,0.4321638589,0.127551637,0.6220330501,0.5351635097,0.8603457801,,,,,,,,0.9896246084,0.08686954037,0,1.303103205,,0.0290483739,5,5120,6,6,2,2,12,14,0.029086,0.0002302200002
n2_L2_high_s1,2,2,high,0.03,0.05,0.05,1,rem_tensored,1,0.3687012084,0.3828125,0.2190438054,0.2769533024,0.2769533024,0.09174790599,-0.09174790599,0.2488408063,0.1343262084,31.69768797,1.464079283,0.5597154959,0.4278772248,0.1318382711,0.6220330501,0.533176938,0.8571521046,,,,,,,,0.9893687351,0.08885611206,0,1.279587927,,0.0290483739,3,3072,6,6,2,2,10,12,0.008235500001,0.0002302200002
n2_L2_high_s1,2,2,high,0.03,0.05,0.05,1,zne,1,0.3687012084,0.3828125,0.2190438054,0.3139648438,0.3139648438,0.05473636464,-0.05473636464,0.1484572423,0.1343262084,59.25116528,2.454057906,0.5597154959,0.4616699219,0.09804557405,0.6220330501,0.5593261719,0.8991904398,0.234375,0.125,0.08203125,0.3139648438,0.2613932292,0.294362518,0,,,,,0.06987901518,0.0290483739,3,3072,6,30,2,18,72,90,0.0133895,0.0002302200002
n2_L2_high_s1,2,2,high,0.03,0.05,0.05,1,zne_rem,1,0.3687012084,0.3828125,0.2190438054,0.375422759,0.375422759,0.006721550577,0.006721550577,0.01823034594,0.1343262084,94.99609893,19.98440789,0.5597154959,0.506146106,0.05356938992,0.6220330501,0.5969287427,0.9596415218,0.2763263209,0.1433128378,0.09720521218,0.375422759,0.3066222885,0.3431087769,0,,,0,1.303103205,,0.0290483739,7,7168,6,30,2,18,76,94,0.0393069,0.0002302200002
n2_L2_high_s2,2,2,high,0.03,0.05,0.05,2,none,1,-0.8724803118,-0.869140625,-0.5358329315,-0.560546875,-0.560546875,0.3119334368,0.3119334368,0.3575249007,0.3119334368,,,0.01761410829,0.0087890625,0.008825045793,0.9211911783,0.712890625,0.7738791271,,,,,,,,0.9210853598,0.2083005533,,,0.02587883427,0.01527028957,1,1024,6,6,2,2,8,10,0.002660799997,0.0001365399999
n2_L2_high_s2,2,2,high,0.03,0.05,0.05,2,rem,1,-0.8724803118,-0.869140625,-0.5358329315,-0.6957022195,-0.6957022195,0.1767780923,0.1767780923,0.2026155661,0.3119334368,43.32826449,1.764548043,0.01761410829,-0.008991389409,0.0266054977,0.9211911783,0.7840708083,0.8511488459,,,,,,,,0.9563530175,0.13712037,0,1.266989124,,0.01527028957,5,5120,6,6,2,2,12,14,0.0101464,0.0001365399999
n2_L2_high_s2,2,2,high,0.03,0.05,0.05,2,rem_tensored,1,-0.8724803118,-0.869140625,-0.5358329315,-0.688024958,-0.688024958,0.1844553538,0.1844553538,0.2114149183,0.3119334368,40.86707867,1.691105356,0.01761410829,0.003566114711,0.01404799358,0.9211911783,0.7780009599,0.844559716,,,,,,,,0.9545256163,0.1431902184,0,1.261827641,,0.01527028957,3,3072,6,6,2,2,10,12,0.006636799997,0.0001365399999
n2_L2_high_s2,2,2,high,0.03,0.05,0.05,2,zne,1,-0.8724803118,-0.869140625,-0.5358329315,-0.7038574219,-0.7038574219,0.1686228899,0.1686228899,0.1932684184,0.3119334368,45.94266916,1.849887859,0.01761410829,-0.02575683594,0.04337094423,0.9211911783,0.8385009766,0.9102355692,-0.560546875,-0.31640625,-0.12890625,-0.7038574219,-0.6590169271,-0.8546673739,0,,,,,0.06215005514,0.01527028957,3,3072,6,30,2,18,72,90,0.0091135,0.0001365399999
n2_L2_high_s2,2,2,high,0.03,0.05,0.05,2,zne_rem,1,-0.8724803118,-0.869140625,-0.5358329315,-0.8746124675,-0.8746124675,0.002132155663,-0.002132155663,0.002443786564,0.3119334368,99.31647095,146.2995606,0.01761410829,-0.04949490338,0.06710901167,0.9211911783,0.9290881362,1.00857255,-0.6957022195,-0.3899707749,-0.1536913984,-0.8746124675,-0.8196295801,-1.076131575,0,,,0,1.266989124,,0.01527028957,7,7168,6,30,2,18,76,94,0.0165991,0.0001365399999
n2_L2_high_s3,2,2,high,0.03,0.05,0.05,3,none,1,0.8506326146,0.861328125,0.5257117231,0.54296875,0.54296875,0.3076638646,-0.3076638646,0.3616883003,0.3076638646,,,0.2227985487,0.19140625,0.03139229865,0.574057428,0.4814453125,0.8386709919,,,,,,,,0.9262531989,0.1538319323,,,0.02624227819,0.01643001716,1,1024,6,6,2,2,8,10,0.002651299998,0.0001458000006
n2_L2_high_s3,2,2,high,0.03,0.05,0.05,3,rem,1,0.8506326146,0.861328125,0.5257117231,0.6680837045,0.6680837045,0.1825489101,-0.1825489101,0.2146037043,0.3076638646,40.6661194,1.685377713,0.2227985487,0.2010562273,0.02174232131,0.574057428,0.5175490398,0.9015631792,,,,,,,,0.9674462043,0.09127445503,0,1.249811821,,0.01643001716,5,5120,6,6,2,2,12,14,0.010088,0.0001458000006
n2_L2_high_s3,2,2,high,0.03,0.05,0.05,3,rem_tensored,1,0.8506326146,0.861328125,0.5257117231,0.67285063,0.67285063,0.1777819846,-0.1777819846,0.2089997274,0.3076638646,42.21551341,1.730568287,0.2227985487,0.191689701,0.03110884768,0.574057428,0.514057508,0.8954809797,,,,,,,,0.9654292134,0.08889099228,0,1.26093134,,0.01643001716,3,3072,6,6,2,2,10,12,0.006736599997,0.0001458000006
n2_L2_high_s3,2,2,high,0.03,0.05,0.05,3,zne,1,0.8506326146,0.861328125,0.5257117231,0.7307128906,0.7307128906,0.1199197239,-0.1199197239,0.1409771056,0.3076638646,61.02248663,2.565581828,0.2227985487,0.2322998047,0.009501256036,0.574057428,0.548828125,0.9560509076,0.54296875,0.27734375,0.158203125,0.7307128906,0.6147460938,0.7255587627,0,,,,,0.06295602688,0.01643001716,3,3072,6,30,2,18,72,90,0.009188299999,0.0001458000006
n2_L2_high_s3,2,2,high,0.03,0.05,0.05,3,zne_rem,1,0.8506326146,0.861328125,0.5257117231,0.9011783675,0.9011783675,0.05054575291,0.05054575291,0.05942136716,0.3076638646,83.57111161,6.086839088,0.2227985487,0.2469577348,0.02415918619,0.574057428,0.5987734593,1.04305498,0.6680837045,0.3392428298,0.1935332233,0.9011783675,0.7561994468,0.8931454848,0,,,0,1.249811821,,0.01643001716,7,7168,6,30,2,18,76,94,0.016625,0.0001458000006
n2_L2_high_s4,2,2,high,0.03,0.05,0.05,4,none,1,-0.6255070984,-0.625,-0.4020954297,-0.400390625,-0.400390625,0.2251164734,0.2251164734,0.3598943545,0.2251164734,,,-0.1712907114,-0.1279296875,0.04336102389,0.781411438,0.6005859375,0.7685911778,,,,,,,,0.9272185266,0.1808255005,,,0.02863576741,0.02438182737,1,1024,6,6,2,2,8,10,0.002783299999,0.0003422200003
n2_L2_high_s4,2,2,high,0.03,0.05,0.05,4,rem,1,-0.6255070984,-0.625,-0.4020954297,-0.4971184081,-0.4971184081,0.1283886904,0.1283886904,0.2052553691,0.2251164734,42.96788306,1.753398004,-0.1712907114,-0.1534283907,0.01786232064,0.781411438,0.6502116549,0.8320989728,,,,,,,,0.957641205,0.1311997831,0,1.277040255,,0.02438182737,5,5120,6,6,2,2,12,14,0.009957899998,0.0003422200003
n2_L2_high_s4,2,2,high,0.03,0.05,0.05,4,rem_tensored,1,-0.6255070984,-0.625,-0.4020954297,-0.5020603932,-0.5020603932,0.1234467053,0.1234467053,0.1973546033,0.2251164734,45.16318447,1.823592399,-0.1712907114,-0.1682380985,0.003052612932,0.781411438,0.6586526862,0.8429012607,,,,,,,,0.9653952317,0.1227587518,0,1.268844464,,0.02438182737,3,3072,6,6,2,2,10,12,0.007316099996,0.0003422200003
n2_L2_high_s4,2,2,high,0.03,0.05,0.05,4,zne,1,-0.6255070984,-0.625,-0.4020954297,-0.546875,-0.546875,0.07863209842,0.07863209842,0.1257093622,0.2251164734,65.0704823,2.862908125,-0.1712907114,-0.1665039062,0.004786805137,0.781411438,0.6993408203,0.8949713126,-0.400390625,-0.224609375,-0.205078125,-0.546875,-0.4231770833,-0.4363823004,0,,,,,0.06680786216,0.02438182737,3,3072,6,30,2,18,72,90,0.009327799995,0.0003422200003
n2_L2_high_s4,2,2,high,0.03,0.05,0.05,4,zne_rem,1,-0.6255070984,-0.625,-0.4020954297,-0.6799802625,-0.6799802625,0.05447316409,-0.05447316409,0.08708640435,0.2251164734,75.80223105,4.1326124,-0.1712907114,-0.1963137702,0.0250230588,0.781411438,0.7659718789,0.9802414473,-0.4971184081,-0.2781769924,-0.2549453012,-0.6799802625,-0.5250433974,-0.5410685774,0,,,0,1.277040255,,0.02438182737,7,7168,6,30,2,18,76,94,0.01650239999,0.0003422200003
n2_L4_ideal_s0,2,4,ideal,0,0,0,0,none,4,-0.570733051,-0.599609375,-0.570733051,-0.62109375,-0.62109375,0.05036069897,-0.05036069897,0.08823862377,0.05036069897,,,0.05753891986,0.046875,0.01066391986,0.4823707753,0.49609375,1.028449018,,,,,,,,0.9989893536,0.02518034948,,,0.02449175869,0.02566048961,1,1024,12,12,4,4,16,20,0.0017147,0.0001506000001
n2_L4_ideal_s0,2,4,ideal,0,0,0,0,rem,4,-0.570733051,-0.599609375,-0.570733051,-0.62109375,-0.62109375,0.05036069897,-0.05036069897,0.08823862377,0.05036069897,0,1,0.05753891986,0.046875,0.01066391986,0.4823707753,0.49609375,1.028449018,,,,,,,,0.9989893536,0.02518034948,0,1,,0.02566048961,5,5120,12,12,4,4,20,24,0.006539499998,0.0001506000001
n2_L4_ideal_s0,2,4,ideal,0,0,0,0,rem_tensored,4,-0.570733051,-0.599609375,-0.570733051,-0.62109375,-0.62109375,0.05036069897,-0.05036069897,0.08823862377,0.05036069897,0,1,0.05753891986,0.046875,0.01066391986,0.4823707753,0.49609375,1.028449018,,,,,,,,0.9989893536,0.02518034948,0,1,,0.02566048961,3,3072,12,12,4,4,18,22,0.004261800001,0.0001506000001
n2_L4_ideal_s0,2,4,ideal,0,0,0,0,zne,4,-0.570733051,-0.599609375,-0.570733051,-0.6457519531,-0.6457519531,0.07501890209,-0.07501890209,0.131443066,0.05036069897,-48.96318683,0.6713067982,0.05753891986,0.02233886719,0.03520005267,0.4823707753,0.4793701172,0.9937793534,-0.62109375,-0.58203125,-0.556640625,-0.6457519531,-0.6349283854,-0.636179224,0,,,,,0.0566796603,0.02566048961,3,3072,12,60,4,36,144,180,0.007076400001,0.0001506000001
n2_L4_ideal_s0,2,4,ideal,0,0,0,0,zne_rem,4,-0.570733051,-0.599609375,-0.570733051,-0.6457519531,-0.6457519531,0.07501890209,-0.07501890209,0.131443066,0.05036069897,-48.96318683,0.6713067982,0.05753891986,0.02233886719,0.03520005267,0.4823707753,0.4793701172,0.9937793534,-0.62109375,-0.58203125,-0.556640625,-0.6457519531,-0.6349283854,-0.636179224,0,,,0,1,,0.02566048961,7,7168,12,60,4,36,148,184,0.0119012,0.0001506000001
n2_L4_ideal_s1,2,4,ideal,0,0,0,1,none,3,-0.3904983101,-0.37890625,-0.3904983101,-0.3671875,-0.3671875,0.02331081011,0.02331081011,0.05969503455,0.02331081011,,,-0.2251800444,-0.240234375,0.01505433061,0.4858008279,0.466796875,0.9608811846,,,,,,,,0.999564404,0.02070341567,,,0.02906709204,0.02876886388,1,1024,12,12,4,4,16,20,0.001823899998,0.0001382399998
n2_L4_ideal_s1,2,4,ideal,0,0,0,1,rem,3,-0.3904983101,-0.37890625,-0.3904983101,-0.3671875,-0.3671875,0.02331081011,0.02331081011,0.05969503455,0.02331081011,0,1,-0.2251800444,-0.240234375,0.01505433061,0.4858008279,0.466796875,0.9608811846,,,,,,,,0.999564404,0.02070341567,0,1,,0.02876886388,5,5120,12,12,4,4,20,24,0.006751799996,0.0001382399998
n2_L4_ideal_s1,2,4,ideal,0,0,0,1,rem_tensored,3,-0.3904983101,-0.37890625,-0.3904983101,-0.3671875,-0.3671875,0.02331081011,0.02331081011,0.05969503455,0.02331081011,0,1,-0.2251800444,-0.240234375,0.01505433061,0.4858008279,0.466796875,0.9608811846,,,,,,,,0.999564404,0.02070341567,0,1,,0.02876886388,3,3072,12,12,4,4,18,22,0.004371299998,0.0001382399998
n2_L4_ideal_s1,2,4,ideal,0,0,0,1,zne,3,-0.3904983101,-0.37890625,-0.3904983101,-0.3044433594,-0.3044433594,0.08605495074,0.08605495074,0.2203721463,0.02331081011,-269.163278,0.2708828477,-0.2251800444,-0.2747802734,0.04960022905,0.4858008279,0.4196777344,0.8638884709,-0.3671875,-0.423828125,-0.388671875,-0.3044433594,-0.3771158854,-0.3761538447,0,,,,,0.06586884814,0.02876886388,3,3072,12,60,4,36,144,180,0.007199299998,0.0001382399998
n2_L4_ideal_s1,2,4,ideal,0,0,0,1,zne_rem,3,-0.3904983101,-0.37890625,-0.3904983101,-0.3044433594,-0.3044433594,0.08605495074,0.08605495074,0.2203721463,0.02331081011,-269.163278,0.2708828477,-0.2251800444,-0.2747802734,0.04960022905,0.4858008279,0.4196777344,0.8638884709,-0.3671875,-0.423828125,-0.388671875,-0.3044433594,-0.3771158854,-0.3761538447,0,,,0,1,,0.02876886388,7,7168,12,60,4,36,148,184,0.0121272,0.0001382399998
n2_L4_ideal_s2,2,4,ideal,0,0,0,2,none,1,-0.3938057922,-0.373046875,-0.3938057922,-0.388671875,-0.388671875,0.005133917218,0.005133917218,0.01303667269,0.005133917218,,,0.250635509,0.2626953125,0.01205980347,0.6689329646,0.6708984375,1.002938221,,,,,,,,0.9995140947,0.009278853932,,,0.02879300747,0.0287248021,1,1024,12,12,4,4,16,20,0.0017735,0.00012852
n2_L4_ideal_s2,2,4,ideal,0,0,0,2,rem,1,-0.3938057922,-0.373046875,-0.3938057922,-0.388671875,-0.388671875,0.005133917218,0.005133917218,0.01303667269,0.005133917218,0,1,0.250635509,0.2626953125,0.01205980347,0.6689329646,0.6708984375,1.002938221,,,,,,,,0.9995140947,0.009278853932,0,1,,0.0287248021,5,5120,12,12,4,4,20,24,0.0065646,0.00012852
n2_L4_ideal_s2,2,4,ideal,0,0,0,2,rem_tensored,1,-0.3938057922,-0.373046875,-0.3938057922,-0.388671875,-0.388671875,0.005133917218,0.005133917218,0.01303667269,0.005133917218,0,1,0.250635509,0.2626953125,0.01205980347,0.6689329646,0.6708984375,1.002938221,,,,,,,,0.9995140947,0.009278853932,0,1,,0.0287248021,3,3072,12,12,4,4,18,22,0.004264400002,0.00012852
n2_L4_ideal_s2,2,4,ideal,0,0,0,2,zne,1,-0.3938057922,-0.373046875,-0.3938057922,-0.3974609375,-0.3974609375,0.003655145282,-0.003655145282,0.009281593501,0.005133917218,28.80396925,1.404572684,0.250635509,0.2741699219,0.02353441285,0.6689329646,0.6843261719,1.023011584,-0.388671875,-0.388671875,-0.412109375,-0.3974609375,-0.37890625,-0.3793041033,0,,,,,0.06575683131,0.0287248021,3,3072,12,60,4,36,144,180,0.007115600001,0.00012852
n2_L4_ideal_s2,2,4,ideal,0,0,0,2,zne_rem,1,-0.3938057922,-0.373046875,-0.3938057922,-0.3974609375,-0.3974609375,0.003655145282,-0.003655145282,0.009281593501,0.005133917218,28.80396925,1.404572684,0.250635509,0.2741699219,0.02353441285,0.6689329646,0.6843261719,1.023011584,-0.388671875,-0.388671875,-0.412109375,-0.3974609375,-0.37890625,-0.3793041033,0,,,0,1,,0.0287248021,7,7168,12,60,4,36,148,184,0.0119067,0.00012852
n2_L4_ideal_s3,2,4,ideal,0,0,0,3,none,1,0.5393235088,0.53515625,0.5393235088,0.49609375,0.49609375,0.0432297588,-0.0432297588,0.08015552464,0.0432297588,,,-0.3328041564,-0.2890625,0.04374165637,0.5512329554,0.5185546875,0.9407178624,,,,,,,,0.9986991353,0.03267826789,,,0.02713340508,0.02631558312,1,1024,12,12,4,4,16,20,0.001782200001,0.0001447199997
n2_L4_ideal_s3,2,4,ideal,0,0,0,3,rem,1,0.5393235088,0.53515625,0.5393235088,0.49609375,0.49609375,0.0432297588,-0.0432297588,0.08015552464,0.0432297588,0,1,-0.3328041564,-0.2890625,0.04374165637,0.5512329554,0.5185546875,0.9407178624,,,,,,,,0.9986991353,0.03267826789,0,1,,0.02631558312,5,5120,12,12,4,4,20,24,0.006579200002,0.0001447199997
n2_L4_ideal_s3,2,4,ideal,0,0,0,3,rem_tensored,1,0.5393235088,0.53515625,0.5393235088,0.49609375,0.49609375,0.0432297588,-0.0432297588,0.08015552464,0.0432297588,0,1,-0.3328041564,-0.2890625,0.04374165637,0.5512329554,0.5185546875,0.9407178624,,,,,,,,0.9986991353,0.03267826789,0,1,,0.02631558312,3,3072,12,12,4,4,18,22,0.004240100003,0.0001447199997
n2_L4_ideal_s3,2,4,ideal,0,0,0,3,zne,1,0.5393235088,0.53515625,0.5393235088,0.4519042969,0.4519042969,0.08741921192,-0.08741921192,0.1620904902,0.0432297588,-102.2199854,0.4945109644,-0.3328041564,-0.2274169922,0.1053871642,0.5512329554,0.4766845703,0.8647606527,0.49609375,0.544921875,0.541015625,0.4519042969,0.4936523438,0.4937056106,0,,,,,0.06130413629,0.02631558312,3,3072,12,60,4,36,144,180,0.007098999999,0.0001447199997
n2_L4_ideal_s3,2,4,ideal,0,0,0,3,zne_rem,1,0.5393235088,0.53515625,0.5393235088,0.4519042969,0.4519042969,0.08741921192,-0.08741921192,0.1620904902,0.0432297588,-102.2199854,0.4945109644,-0.3328041564,-0.2274169922,0.1053871642,0.5512329554,0.4766845703,0.8647606527,0.49609375,0.544921875,0.541015625,0.4519042969,0.4936523438,0.4937056106,0,,,0,1,,0.02631558312,7,7168,12,60,4,36,148,184,0.011896,0.0001447199997
n2_L4_ideal_s4,2,4,ideal,0,0,0,4,none,2,-0.6943653647,-0.71484375,-0.6943653647,-0.6875,-0.6875,0.006865364717,0.006865364717,0.009887251102,0.006865364717,,,0.04126992674,0.03125,0.01001992674,0.4947222664,0.4931640625,0.996850346,,,,,,,,0.9997764345,0.006726304551,,,0.02269326179,0.02248820742,1,1024,12,12,4,4,16,20,0.001755999998,0.0001492800002
n2_L4_ideal_s4,2,4,ideal,0,0,0,4,rem,2,-0.6943653647,-0.71484375,-0.6943653647,-0.6875,-0.6875,0.006865364717,0.006865364717,0.009887251102,0.006865364717,0,1,0.04126992674,0.03125,0.01001992674,0.4947222664,0.4931640625,0.996850346,,,,,,,,0.9997764345,0.006726304551,0,1,,0.02248820742,5,5120,12,12,4,4,20,24,0.006561899998,0.0001492800002
n2_L4_ideal_s4,2,4,ideal,0,0,0,4,rem_tensored,2,-0.6943653647,-0.71484375,-0.6943653647,-0.6875,-0.6875,0.006865364717,0.006865364717,0.009887251102,0.006865364717,0,1,0.04126992674,0.03125,0.01001992674,0.4947222664,0.4931640625,0.996850346,,,,,,,,0.9997764345,0.006726304551,0,1,,0.02248820742,3,3072,12,12,4,4,18,22,0.004347999995,0.0001492800002
n2_L4_ideal_s4,2,4,ideal,0,0,0,4,zne,2,-0.6943653647,-0.71484375,-0.6943653647,-0.7084960938,-0.7084960938,0.01413072903,-0.01413072903,0.02035056722,0.006865364717,-105.8263416,0.4858464628,0.04126992674,0.01416015625,0.02710977049,0.4947222664,0.5018310547,1.014369251,-0.6875,-0.677734375,-0.7109375,-0.7084960938,-0.6744791667,-0.6747385231,0,,,,,0.05199438362,0.02248820742,3,3072,12,60,4,36,144,180,0.007634099995,0.0001492800002
n2_L4_ideal_s4,2,4,ideal,0,0,0,4,zne_rem,2,-0.6943653647,-0.71484375,-0.6943653647,-0.7084960938,-0.7084960938,0.01413072903,-0.01413072903,0.02035056722,0.006865364717,-105.8263416,0.4858464628,0.04126992674,0.01416015625,0.02710977049,0.4947222664,0.5018310547,1.014369251,-0.6875,-0.677734375,-0.7109375,-0.7084960938,-0.6744791667,-0.6747385231,0,,,0,1,,0.02248820742,7,7168,12,60,4,36,148,184,0.01243999999,0.0001492800002
n2_L4_low_s0,2,4,low,0.001,0.005,0.01,0,none,4,-0.570733051,-0.599609375,-0.5309596923,-0.515625,-0.515625,0.05510805103,0.05510805103,0.09655661423,0.05510805103,,,0.05753891986,0.076171875,0.01863295514,0.4823707753,0.470703125,0.9758118632,,,,,,,,0.9987490161,0.02755402552,,,0.02677544897,0.02566048961,1,1024,12,12,4,4,16,20,0.002872999998,0.0001789199996
n2_L4_low_s0,2,4,low,0.001,0.005,0.01,0,rem,4,-0.570733051,-0.599609375,-0.5309596923,-0.536625386,-0.536625386,0.03410766501,0.03410766501,0.05976115269,0.05510805103,38.10765511,1.615708698,0.05753891986,0.07812847269,0.02058955283,0.4823707753,0.4770770587,0.9890256274,,,,,,,,0.9992497576,0.01882169266,0,1.046133051,,0.02566048961,5,5120,12,12,4,4,20,24,0.0101883,0.0001789199996
n2_L4_low_s0,2,4,low,0.001,0.005,0.01,0,rem_tensored,4,-0.570733051,-0.599609375,-0.5309596923,-0.5394530938,-0.5394530938,0.03127995722,0.03127995722,0.05480663362,0.05510805103,43.23886141,1.761768747,0.05753891986,0.07411177645,0.01657285659,0.4823707753,0.4778073852,0.9905396631,,,,,,,,0.9994351236,0.0161064176,0,1.047340906,,0.02566048961,3,3072,12,12,4,4,18,22,0.0070538,0.0001789199996
n2_L4_low_s0,2,4,low,0.001,0.005,0.01,0,zne,4,-0.570733051,-0.599609375,-0.5309596923,-0.4826660156,-0.4826660156,0.08806703541,0.08806703541,0.1543051261,0.05510805103,-59.80792962,0.6257511767,0.05753891986,0.1085205078,0.05098158795,0.4823707753,0.4731445312,0.9808731281,-0.515625,-0.533203125,-0.486328125,-0.4826660156,-0.5336914063,-0.5342839329,0,,,,,0.06097007476,0.02566048961,3,3072,12,60,4,36,144,180,0.01152649999,0.0001789199996
n2_L4_low_s0,2,4,low,0.001,0.005,0.01,0,zne_rem,4,-0.570733051,-0.599609375,-0.5309596923,-0.501798889,-0.501798889,0.06893416208,0.06893416208,0.1207817945,0.05510805103,-25.08909458,0.7994302008,0.05753891986,0.1113329179,0.05379399802,0.4823707753,0.4792597556,0.9935505634,-0.536625386,-0.5553760931,-0.506257084,-0.501798889,-0.5555290809,-0.5561409975,0,,,0,1.046133051,,0.02566048961,7,7168,12,60,4,36,148,184,0.01884179999,0.0001789199996
n2_L4_low_s1,2,4,low,0.001,0.005,0.01,1,none,3,-0.3904983101,-0.37890625,-0.3632736038,-0.384765625,-0.384765625,0.005732685114,0.005732685114,0.01468043514,0.005732685114,,,-0.2251800444,-0.2138671875,0.01131285689,0.4858008279,0.4716796875,0.9709322431,,,,,,,,0.9994412296,0.01834439755,,,0.02884419714,0.02876886388,1,1024,12,12,4,4,16,20,0.002955200001,0.0001472000004
n2_L4_low_s1,2,4,low,0.001,0.005,0.01,1,rem,3,-0.3904983101,-0.37890625,-0.3632736038,-0.4025599569,-0.4025599569,0.01206164675,-0.01206164675,0.03088783341,0.005732685114,-110.4013479,0.4752821263,-0.2251800444,-0.218082333,0.007097711381,0.4858008279,0.4784946669,0.9849605836,,,,,,,,0.9997235851,0.01387042833,0,1.043259367,,0.02876886388,5,5120,12,12,4,4,20,24,0.0108144,0.0001472000004
n2_L4_low_s1,2,4,low,0.001,0.005,0.01,1,rem_tensored,3,-0.3904983101,-0.37890625,-0.3632736038,-0.4001907049,-0.4001907049,0.009692394753,-0.009692394753,0.02482058053,0.005732685114,-69.07251244,0.591462199,-0.2251800444,-0.2179509602,0.007229084192,0.4858008279,0.4793806538,0.9867843493,,,,,,,,0.999787514,0.01245781484,0,1.036614987,,0.02876886388,3,3072,12,12,4,4,18,22,0.008691400002,0.0001472000004
n2_L4_low_s1,2,4,low,0.001,0.005,0.01,1,zne,3,-0.3904983101,-0.37890625,-0.3632736038,-0.4528808594,-0.4528808594,0.06238254926,-0.06238254926,0.1597511376,0.005732685114,-988.1907521,0.09189565323,-0.2251800444,-0.2147216797,0.0104583647,0.4858008279,0.4633789062,0.9538454437,-0.384765625,-0.314453125,-0.33203125,-0.4528808594,-0.3833007813,-0.3825222416,0,,,,,0.06649920982,0.02876886388,3,3072,12,60,4,36,144,180,0.0110358,0.0001472000004
n2_L4_low_s1,2,4,low,0.001,0.005,0.01,1,zne_rem,3,-0.3904983101,-0.37890625,-0.3632736038,-0.4736659732,-0.4736659732,0.08316766309,-0.08316766309,0.2129782919,0.005732685114,-1350.7628,0.06892925569,-0.2251800444,-0.2192522515,0.005927792922,0.4858008279,0.4704032639,0.9683047803,-0.4025599569,-0.3291052714,-0.3473270489,-0.4736659732,-0.4010887734,-0.4002859201,0,,,0,1.043259367,,0.02876886388,7,7168,12,60,4,36,148,184,0.018895,0.0001472000004
n2_L4_low_s2,2,4,low,0.001,0.005,0.01,2,none,1,-0.3938057922,-0.373046875,-0.3672460701,-0.423828125,-0.423828125,0.03002233278,-0.03002233278,0.07623639209,0.03002233278,,,0.250635509,0.2314453125,0.01919019653,0.6689329646,0.6630859375,0.9912591733,,,,,,,,0.9967903964,0.02294770857,,,0.02830445734,0.0287248021,1,1024,12,12,4,4,16,20,0.003149700002,0.0001480799998
n2_L4_low_s2,2,4,low,0.001,0.005,0.01,2,rem,1,-0.3938057922,-0.373046875,-0.3672460701,-0.4293085131,-0.4293085131,0.03550272087,-0.03550272087,0.09015286614,0.03002233278,-18.25437127,0.8456347019,0.250635509,0.2359465222,0.01468898684,0.6689329646,0.6693336305,1.000598963,,,,,,,,0.9976501108,0.01775136044,0,1.044524444,,0.0287248021,5,5120,12,12,4,4,20,24,0.0104542,0.0001480799998
n2_L4_low_s2,2,4,low,0.001,0.005,0.01,2,rem_tensored,1,-0.3938057922,-0.373046875,-0.3672460701,-0.4448383122,-0.4448383122,0.05103252002,-0.05103252002,0.1295880381,0.03002233278,-69.98186113,0.5882980651,0.250635509,0.2351586599,0.01547684914,0.6689329646,0.6756981802,1.010113443,,,,,,,,0.9969329444,0.02551626001,0,1.04463743,,0.0287248021,3,3072,12,12,4,4,18,22,0.007120500002,0.0001480799998
n2_L4_low_s2,2,4,low,0.001,0.005,0.01,2,zne,1,-0.3938057922,-0.373046875,-0.3672460701,-0.5002441406,-0.5002441406,0.1064383484,-0.1064383484,0.2702813176,0.03002233278,-254.5305729,0.2820631213,0.250635509,0.1988525391,0.05178296996,0.6689329646,0.6944580078,1.038157849,-0.423828125,-0.322265625,-0.2890625,-0.5002441406,-0.4461263021,-0.4537120886,0,,,,,0.06564890511,0.0287248021,3,3072,12,60,4,36,144,180,0.0112457,0.0001480799998
n2_L4_low_s2,2,4,low,0.001,0.005,0.01,2,zne_rem,1,-0.3938057922,-0.373046875,-0.3672460701,-0.5086213935,-0.5086213935,0.1148156013,-0.1148156013,0.2915538663,0.03002233278,-282.4339772,0.2614830427,0.250635509,0.2025914567,0.04804405233,0.6689329646,0.7016583087,1.048921709,-0.4293085131,-0.3238456821,-0.2892667577,-0.5086213935,-0.4525049675,-0.4606862774,0,,,0,1.044524444,,0.0287248021,7,7168,12,60,4,36,148,184,0.0185502,0.0001480799998
n2_L4_low_s3,2,4,low,0.001,0.005,0.01,3,none,1,0.5393235088,0.53515625,0.5028860713,0.474609375,0.474609375,0.0647141338,-0.0647141338,0.119991309,0.0647141338,,,-0.3328041564,-0.2744140625,0.05839009387,0.5512329554,0.505859375,0.917687105,,,,,,,,0.9975744572,0.04537358039,,,0.02750614174,0.02631558312,1,1024,12,12,4,4,16,20,0.002793899999,0.0001466799993
n2_L4_low_s3,2,4,low,0.001,0.005,0.01,3,rem,1,0.5393235088,0.53515625,0.5028860713,0.4995524533,0.4995524533,0.0397710555,-0.0397710555,0.07374248452,0.0647141338,38.54347858,1.627166616,-0.3328041564,-0.2783947286,0.0544094278,0.5512329554,0.5140854776,0.9326102015,,,,,,,,0.998428242,0.03714747777,0,1.042110905,,0.02631558312,5,5120,12,12,4,4,20,24,0.0102125,0.0001466799993
n2_L4_low_s3,2,4,low,0.001,0.005,0.01,3,rem_tensored,1,0.5393235088,0.53515625,0.5028860713,0.4945946482,0.4945946482,0.04472886063,-0.04472886063,0.08293512131,0.0647141338,30.88239306,1.446809351,-0.3328041564,-0.2822824579,0.05052169849,0.5512329554,0.514789891,0.9338880884,,,,,,,,0.9983428165,0.0364430644,0,1.039597056,,0.02631558312,3,3072,12,12,4,4,18,22,0.008425099997,0.0001466799993
n2_L4_low_s3,2,4,low,0.001,0.005,0.01,3,zne,1,0.5393235088,0.53515625,0.5028860713,0.4904785156,0.4904785156,0.04884499317,-0.04884499317,0.09056715009,0.0647141338,24.52190842,1.324887764,-0.3328041564,-0.2454833984,0.08732075794,0.5512329554,0.4953613281,0.8986424402,0.474609375,0.458984375,0.46484375,0.4904785156,0.4734700521,0.4734263113,0,,,,,0.06302349775,0.02631558312,3,3072,12,60,4,36,144,180,0.0108662,0.0001466799993
n2_L4_low_s3,2,4,low,0.001,0.005,0.01,3,zne_rem,1,0.5393235088,0.53515625,0.5028860713,0.5162767863,0.5162767863,0.02304672248,-0.02304672248,0.04273264952,0.0647141338,64.38687945,2.80795388,-0.3328041564,-0.2487041652,0.0840999912,0.5512329554,0.5034212792,0.9132641186,0.4995524533,0.4830382068,0.4891031864,0.5162767863,0.4984015657,0.4983561364,0,,,0,1.042110905,,0.02631558312,7,7168,12,60,4,36,148,184,0.0182848,0.0001466799993
n2_L4_low_s4,2,4,low,0.001,0.005,0.01,4,none,2,-0.6943653647,-0.71484375,-0.6465457291,-0.64453125,-0.64453125,0.04983411472,0.04983411472,0.07176929791,0.04983411472,,,0.04126992674,0.05078125,0.009511323256,0.4947222664,0.4658203125,0.9415794358,,,,,,,,0.998602966,0.02890195395,,,0.02389306147,0.02248820742,1,1024,12,12,4,4,16,20,0.0028499,0.0001484799999
n2_L4_low_s4,2,4,low,0.001,0.005,0.01,4,rem,2,-0.6943653647,-0.71484375,-0.6465457291,-0.6783799858,-0.6783799858,0.0159853789,0.0159853789,0.02302156719,0.04983411472,67.92281956,3.117480983,0.04126992674,0.04917601098,0.007906084237,0.4947222664,0.4766199999,0.9634092344,,,,,,,,0.9996034148,0.0181022665,0,1.043068218,,0.02248820742,5,5120,12,12,4,4,20,24,0.0101593,0.0001484799999
n2_L4_low_s4,2,4,low,0.001,0.005,0.01,4,rem_tensored,2,-0.6943653647,-0.71484375,-0.6465457291,-0.6656299825,-0.6656299825,0.02873538224,0.02873538224,0.04138366298,0.04983411472,42.33792975,1.734242277,0.04126992674,0.05578410724,0.01451418049,0.4947222664,0.4740025195,0.9581184266,,,,,,,,0.9992495124,0.0207929916,0,1.033729639,,0.02248820742,3,3072,12,12,4,4,18,22,0.006971699997,0.0001484799999
n2_L4_low_s4,2,4,low,0.001,0.005,0.01,4,zne,2,-0.6943653647,-0.71484375,-0.6465457291,-0.6328125,-0.6328125,0.06155286472,0.06155286472,0.08864621976,0.04983411472,-23.51551757,0.8096148725,0.04126992674,0.044921875,0.003651948256,0.4947222664,0.4302978516,0.8697766014,-0.64453125,-0.62109375,-0.53515625,-0.6328125,-0.6822916667,-0.6879123601,0,,,,,0.05515662426,0.02248820742,3,3072,12,60,4,36,144,180,0.0109207,0.0001484799999
n2_L4_low_s4,2,4,low,0.001,0.005,0.01,4,zne_rem,2,-0.6943653647,-0.71484375,-0.6465457291,-0.6656904271,-0.6656904271,0.02867493759,0.02867493759,0.04129661277,0.04983411472,42.45922146,1.737897931,0.04126992674,0.04293501488,0.001665088139,0.4947222664,0.4400479535,0.889484835,-0.6783799858,-0.6543496836,-0.5644401551,-0.6656904271,-0.7178448145,-0.7236439766,0,,,0,1.043068218,,0.02248820742,7,7168,12,60,4,36,148,184,0.0182301,0.0001484799999
n2_L4_moderate_s0,2,4,moderate,0.01,0.02,0.03,0,none,4,-0.570733051,-0.599609375,-0.4132402077,-0.41796875,-0.41796875,0.152764301,0.152764301,0.2676633161,0.152764301,,,0.05753891986,0.0546875,0.00285141986,0.4823707753,0.412109375,0.8543415068,,,,,,,,0.990999271,0.07638215052,,,0.0283894189,0.02566048961,1,1024,12,12,4,4,16,20,0.003245100001,0.0001751200005
n2_L4_moderate_s0,2,4,moderate,0.01,0.02,0.03,0,rem,4,-0.570733051,-0.599609375,-0.4132402077,-0.4792364657,-0.4792364657,0.0914965853,0.0914965853,0.1603141524,0.152764301,40.10604265,1.669617511,0.05753891986,0.05601988234,0.001519037518,0.4823707753,0.4330149108,0.8976806493,,,,,,,,0.9962772064,0.04935586453,0,1.144332032,,0.02566048961,5,5120,12,12,4,4,20,24,0.0126243,0.0001751200005
n2_L4_moderate_s0,2,4,moderate,0.01,0.02,0.03,0,rem_tensored,4,-0.570733051,-0.599609375,-0.4132402077,-0.4790840688,-0.4790840688,0.09164898221,0.09164898221,0.160581172,0.152764301,40.00628315,1.666841217,0.05753891986,0.06007863879,0.002539718931,0.4823707753,0.4328638518,0.8973674899,,,,,,,,0.9963488869,0.04950692347,0,1.145179073,,0.02566048961,3,3072,12,12,4,4,18,22,0.007288600002,0.0001751200005
n2_L4_moderate_s0,2,4,moderate,0.01,0.02,0.03,0,zne,4,-0.570733051,-0.599609375,-0.4132402077,-0.5046386719,-0.5046386719,0.06609437916,0.06609437916,0.1158061182,0.152764301,56.73440803,2.311305484,0.05753891986,0.06506347656,0.007524556703,0.4823707753,0.4620361328,0.957844373,-0.41796875,-0.28125,-0.193359375,-0.5046386719,-0.4659830729,-0.5049919554,0,,,,,0.06611220873,0.02566048961,3,3072,12,60,4,36,144,180,0.0114743,0.0001751200005
n2_L4_moderate_s0,2,4,moderate,0.01,0.02,0.03,0,zne_rem,4,-0.570733051,-0.599609375,-0.4132402077,-0.579105664,-0.579105664,0.008372612989,-0.008372612989,0.01466992839,0.152764301,94.51926076,18.24571388,0.05753891986,0.06705755065,0.009518630794,0.4823707753,0.4882623799,1.012213851,-0.4792364657,-0.3219907073,-0.2214017999,-0.579105664,-0.5342523237,-0.5790525513,0,,,0,1.144332032,,0.02566048961,7,7168,12,60,4,36,148,184,0.0208535,0.0001751200005
n2_L4_moderate_s1,2,4,moderate,0.01,0.02,0.03,1,none,3,-0.3904983101,-0.37890625,-0.2826781306,-0.26953125,-0.26953125,0.1209670601,0.1209670601,0.3097761424,0.1209670601,,,-0.2251800444,-0.193359375,0.03182066939,0.4858008279,0.4248046875,0.8744420823,,,,,,,,0.9890186178,0.06099614039,,,0.03009348886,0.02876886388,1,1024,12,12,4,4,16,20,0.0030142,0.00015986
n2_L4_moderate_s1,2,4,moderate,0.01,0.02,0.03,1,rem,3,-0.3904983101,-0.37890625,-0.2826781306,-0.3008059335,-0.3008059335,0.08969237663,0.08969237663,0.2296869776,0.1209670601,25.85388407,1.348688313,-0.2251800444,-0.217451036,0.00772900839,0.4858008279,0.441903786,0.9096398372,,,,,,,,0.9953352661,0.04484618831,0,1.143109814,,0.02876886388,5,5120,12,12,4,4,20,24,0.0102894,0.00015986
n2_L4_moderate_s1,2,4,moderate,0.01,0.02,0.03,1,rem_tensored,3,-0.3904983101,-0.37890625,-0.2826781306,-0.3055280097,-0.3055280097,0.08497030037,0.08497030037,0.2175945405,0.1209670601,29.75748911,1.423639314,-0.2251800444,-0.209355428,0.01582461641,0.4858008279,0.4404542884,0.9066561092,,,,,,,,0.9947411101,0.04534653944,0,1.140328346,,0.02876886388,3,3072,12,12,4,4,18,22,0.008587499997,0.00015986
n2_L4_moderate_s1,2,4,moderate,0.01,0.02,0.03,1,zne,3,-0.3904983101,-0.37890625,-0.2826781306,-0.3811035156,-0.3811035156,0.009394794489,0.009394794489,0.02405847668,0.1209670601,92.23359278,12.87596661,-0.2251800444,-0.1964111328,0.02876891157,0.4858008279,0.4970703125,1.023197747,-0.26953125,-0.138671875,-0.130859375,-0.3811035156,-0.2836914063,-0.2918461696,0,,,,,0.0693925602,0.02876886388,3,3072,12,60,4,36,144,180,0.011331,0.00015986
n2_L4_moderate_s1,2,4,moderate,0.01,0.02,0.03,1,zne_rem,3,-0.3904983101,-0.37890625,-0.2826781306,-0.4289584114,-0.4289584114,0.0384601013,-0.0384601013,0.09848980214,0.1209670601,68.20613706,3.14526109,-0.2251800444,-0.2216110565,0.003568987901,0.4858008279,0.5215052171,1.073495941,-0.3008059335,-0.1510337489,-0.1433052595,-0.4289584114,-0.3165071528,-0.3256309767,0,,,0,1.143109814,,0.02876886388,7,7168,12,60,4,36,148,184,0.0186062,0.00015986
n2_L4_moderate_s2,2,4,moderate,0.01,0.02,0.03,2,none,1,-0.3938057922,-0.373046875,-0.2921020051,-0.298828125,-0.298828125,0.09497766722,0.09497766722,0.2411789494,0.09497766722,,,0.250635509,0.2138671875,0.03676832153,0.6689329646,0.5869140625,0.8773884583,,,,,,,,0.9806392381,0.08201890211,,,0.02982209214,0.0287248021,1,1024,12,12,4,4,16,20,0.0029182,0.0001469800001
n2_L4_moderate_s2,2,4,moderate,0.01,0.02,0.03,2,rem,1,-0.3938057922,-0.373046875,-0.2921020051,-0.3534669244,-0.3534669244,0.04033886783,0.04033886783,0.1024334041,0.09497766722,57.52804947,2.354495114,0.250635509,0.2268570761,0.0237784329,0.6689329646,0.6173153283,0.9228358609,,,,,,,,0.9898148924,0.0534221358,0,1.134903874,,0.0287248021,5,5120,12,12,4,4,20,24,0.0102648,0.0001469800001
n2_L4_moderate_s2,2,4,moderate,0.01,0.02,0.03,2,rem_tensored,1,-0.3938057922,-0.373046875,-0.2921020051,-0.3280770572,-0.3280770572,0.06572873504,0.06572873504,0.166906471,0.09497766722,30.79558915,1.4449946,0.250635509,0.2234789052,0.02715660387,0.6689329646,0.6052170502,0.904749926,,,,,,,,0.9871178443,0.0637159144,0,1.146442523,,0.0287248021,3,3072,12,12,4,4,18,22,0.008054600003,0.0001469800001
n2_L4_moderate_s2,2,4,moderate,0.01,0.02,0.03,2,zne,1,-0.3938057922,-0.373046875,-0.2921020051,-0.3515625,-0.3515625,0.04224329222,0.04224329222,0.1072693522,0.09497766722,55.52292086,2.248349081,0.250635509,0.2556152344,0.004979725349,0.6689329646,0.658203125,0.9839597685,-0.298828125,-0.205078125,-0.126953125,-0.3515625,-0.3391927083,-0.3765548886,0,,,,,0.06872748394,0.0287248021,3,3072,12,60,4,36,144,180,0.0110802,0.0001469800001
n2_L4_moderate_s2,2,4,moderate,0.01,0.02,0.03,2,zne_rem,1,-0.3938057922,-0.373046875,-0.2921020051,-0.4145801581,-0.4145801581,0.02077436588,-0.02077436588,0.05275281951,0.09497766722,78.12710452,4.571868416,0.250635509,0.2720567381,0.0214212291,0.6689329646,0.6947480788,1.038591482,-0.3534669244,-0.2451490132,-0.1553758436,-0.4145801581,-0.3998989043,-0.440667922,0,,,0,1.134903874,,0.0287248021,7,7168,12,60,4,36,148,184,0.0184268,0.0001469800001
n2_L4_moderate_s3,2,4,moderate,0.01,0.02,0.03,3,none,1,0.5393235088,0.53515625,0.3994971072,0.419921875,0.419921875,0.1194016338,-0.1194016338,0.2213914874,0.1194016338,,,-0.3328041564,-0.2783203125,0.05448384387,0.5512329554,0.494140625,0.8964279443,,,,,,,,0.9940511272,0.0597008169,,,0.02836125801,0.02631558312,1,1024,12,12,4,4,16,20,0.0030429,0.0001364399999
n2_L4_moderate_s3,2,4,moderate,0.01,0.02,0.03,3,rem,1,0.5393235088,0.53515625,0.3994971072,0.4899933251,0.4899933251,0.04933018372,-0.04933018372,0.09146677814,0.1194016338,58.68550358,2.420457918,-0.3328041564,-0.3111201252,0.02168403115,0.5512329554,0.5280583939,0.9579586792,,,,,,,,0.9976510558,0.03238007241,0,1.132007477,,0.02631558312,5,5120,12,12,4,4,20,24,0.0102797,0.0001364399999
n2_L4_moderate_s3,2,4,moderate,0.01,0.02,0.03,3,rem_tensored,1,0.5393235088,0.53515625,0.3994971072,0.4861492531,0.4861492531,0.05317425572,-0.05317425572,0.09859435914,0.1194016338,55.46605685,2.245478233,-0.3328041564,-0.3022720537,0.03053210263,0.5512329554,0.5226733401,0.9481895722,,,,,,,,0.9979843111,0.03120261383,0,1.152074939,,0.02631558312,3,3072,12,12,4,4,18,22,0.0072067,0.0001364399999
n2_L4_moderate_s3,2,4,moderate,0.01,0.02,0.03,3,zne,1,0.5393235088,0.53515625,0.3994971072,0.5524902344,0.5524902344,0.01316672558,0.01316672558,0.02441340933,0.1194016338,88.97274253,9.068437941,-0.3328041564,-0.3924560547,0.05965189831,0.5512329554,0.5843505859,1.060079192,0.419921875,0.255859375,0.2265625,0.5524902344,0.4458007813,0.4603674826,0,,,,,0.06621253768,0.02631558312,3,3072,12,60,4,36,144,180,0.0113052,0.0001364399999
n2_L4_moderate_s3,2,4,moderate,0.01,0.02,0.03,3,zne_rem,1,0.5393235088,0.53515625,0.3994971072,0.6419564824,0.6419564824,0.1026329736,0.1026329736,0.1902994621,0.1194016338,14.04391185,1.163384725,-0.3328041564,-0.433280976,0.1004768197,0.5512329554,0.6271296086,1.137685261,0.4899933251,0.3020455656,0.2687358797,0.6419564824,0.5195346742,0.5356048196,0,,,0,1.132007477,,0.02631558312,7,7168,12,60,4,36,148,184,0.018542,0.0001364399999
n2_L4_moderate_s4,2,4,moderate,0.01,0.02,0.03,4,none,2,-0.6943653647,-0.71484375,-0.507291351,-0.521484375,-0.521484375,0.1728809897,0.1728809897,0.2489769774,0.1728809897,,,0.04126992674,0.0361328125,0.005137114244,0.4947222664,0.4306640625,0.8705168368,,,,,,,,0.9870979514,0.08644049486,,,0.02666440099,0.02248820742,1,1024,12,12,4,4,16,20,0.002778800001,0.0001584799997
n2_L4_moderate_s4,2,4,moderate,0.01,0.02,0.03,4,rem,2,-0.6943653647,-0.71484375,-0.507291351,-0.600778894,-0.600778894,0.09358647072,0.09358647072,0.1347798659,0.1728809897,45.86653462,1.847286134,0.04126992674,0.03128587881,0.00998404793,0.4947222664,0.4524448752,0.9145431808,,,,,,,,0.9953385001,0.04679323536,0,1.14525225,,0.02248820742,5,5120,12,12,4,4,20,24,0.0105109,0.0001584799997
n2_L4_moderate_s4,2,4,moderate,0.01,0.02,0.03,4,rem_tensored,2,-0.6943653647,-0.71484375,-0.507291351,-0.6010535025,-0.6010535025,0.09331186222,0.09331186222,0.1343843846,0.1728809897,46.02537713,1.852722533,0.04126992674,0.03912726745,0.002142659291,0.4947222664,0.454832234,0.9193688355,,,,,,,,0.9957780739,0.04665593111,0,1.152162518,,0.02248820742,3,3072,12,12,4,4,18,22,0.006814300003,0.0001584799997
n2_L4_moderate_s4,2,4,moderate,0.01,0.02,0.03,4,zne,2,-0.6943653647,-0.71484375,-0.507291351,-0.6423339844,-0.6423339844,0.05203138034,0.05203138034,0.07493372076,0.1728809897,69.9033535,3.322629317,0.04126992674,0.05358886719,0.01231894044,0.4947222664,0.4661865234,0.9423196712,-0.521484375,-0.33984375,-0.23828125,-0.6423339844,-0.5789388021,-0.6265903837,0,,,,,0.06307738447,0.02248820742,3,3072,12,60,4,36,144,180,0.0108444,0.0001584799997
n2_L4_moderate_s4,2,4,moderate,0.01,0.02,0.03,4,zne_rem,2,-0.6943653647,-0.71484375,-0.507291351,-0.7391519858,-0.7391519858,0.0447866211,-0.0447866211,0.06450007931,0.1728809897,74.09395841,3.86010343,0.04126992674,0.04990219859,0.008632271841,0.4947222664,0.49245619,0.9954194977,-0.600778894,-0.3928144249,-0.2765589085,-0.7391519858,-0.6665490649,-0.7204300895,0,,,0,1.14525225,,0.02248820742,7,7168,12,60,4,36,148,184,0.0185765,0.0001584799997
n2_L4_high_s0,2,4,high,0.03,0.05,0.05,0,none,4,-0.570733051,-0.599609375,-0.2630699436,-0.234375,-0.234375,0.336358051,0.336358051,0.5893439156,0.336358051,,,0.05753891986,0.025390625,0.03214829486,0.4823707753,0.3466796875,0.7186996088,,,,,,,,0.9611158944,0.1681790255,,,0.03037957076,0.02566048961,1,1024,12,12,4,4,16,20,0.002916699999,0.0001462600005
n2_L4_high_s0,2,4,high,0.03,0.05,0.05,0,rem,4,-0.570733051,-0.599609375,-0.2630699436,-0.2956432773,-0.2956432773,0.2750897737,0.2750897737,0.4819937678,0.336358051,18.21519573,1.222721029,0.05753891986,0.01585441132,0.04168450854,0.4823707753,0.371323951,0.7697894856,,,,,,,,0.9718811052,0.1375448868,0,1.258442402,,0.02566048961,5,5120,12,12,4,4,20,24,0.0102332,0.0001462600005
n2_L4_high_s0,2,4,high,0.03,0.05,0.05,0,rem_tensored,4,-0.570733051,-0.599609375,-0.2630699436,-0.3060756791,-0.3060756791,0.264657372,0.264657372,0.4637148164,0.336358051,21.31677206,1.270918881,0.05753891986,0.01163844793,0.04590047193,0.4823707753,0.3716515435,0.7704686157,,,,,,,,0.9729109348,0.132328686,0,1.303228397,,0.02566048961,3,3072,12,12,4,4,18,22,0.006923199999,0.0001462600005
n2_L4_high_s0,2,4,high,0.03,0.05,0.05,0,zne,4,-0.570733051,-0.599609375,-0.2630699436,-0.3447265625,-0.3447265625,0.2260064885,0.2260064885,0.3959933425,0.336358051,32.80776606,1.488267232,0.05753891986,0.04541015625,0.01212876361,0.4823707753,0.3845214844,0.797149214,-0.234375,-0.078125,-0.0078125,-0.3447265625,-0.2766927083,-0.6704062529,0,,,,,0.06998943576,0.02566048961,3,3072,12,60,4,36,144,180,0.0112245,0.0001462600005
n2_L4_high_s0,2,4,high,0.03,0.05,0.05,0,zne_rem,4,-0.570733051,-0.599609375,-0.2630699436,-0.4350838639,-0.4350838639,0.1356491872,0.1356491872,0.2376753667,0.336358051,59.67119361,2.479617151,0.05753891986,0.03856402234,0.01897489752,0.4823707753,0.4178889159,0.8663230389,-0.2956432773,-0.09820214122,-0.009347720935,-0.4350838639,-0.3491193805,-0.8634653942,0,,,0,1.258442402,,0.02566048961,7,7168,12,60,4,36,148,184,0.018541,0.0001462600005
n2_L4_high_s1,2,4,high,0.03,0.05,0.05,1,none,3,-0.3904983101,-0.37890625,-0.1799989176,-0.107421875,-0.107421875,0.2830764351,0.2830764351,0.7249107814,0.2830764351,,,-0.2251800444,-0.1240234375,0.1011566069,0.4858008279,0.3583984375,0.7377476878,,,,,,,,0.9495815429,0.1415382176,,,0.03106917277,0.02876886388,1,1024,12,12,4,4,16,20,0.002808499998,0.0001411199999
n2_L4_high_s1,2,4,high,0.03,0.05,0.05,1,rem,3,-0.3904983101,-0.37890625,-0.1799989176,-0.1259038178,-0.1259038178,0.2645944923,0.2645944923,0.6775816578,0.2830764351,6.528958435,1.069850066,-0.2251800444,-0.1596469803,0.06553306409,0.4858008279,0.3716457246,0.7650166555,,,,,,,,0.9614294923,0.1322972462,0,1.289486955,,0.02876886388,5,5120,12,12,4,4,20,24,0.0101353,0.0001411199999
n2_L4_high_s1,2,4,high,0.03,0.05,0.05,1,rem_tensored,3,-0.3904983101,-0.37890625,-0.1799989176,-0.1336392238,-0.1336392238,0.2568590863,0.2568590863,0.6577725938,0.2830764351,9.261579394,1.102068995,-0.2251800444,-0.1590181935,0.06616185093,0.4858008279,0.3791526689,0.7804693758,,,,,,,,0.9631177682,0.1284295432,0,1.273268261,,0.02876886388,3,3072,12,12,4,4,18,22,0.006853399998,0.0001411199999
n2_L4_high_s1,2,4,high,0.03,0.05,0.05,1,zne,3,-0.3904983101,-0.37890625,-0.1799989176,-0.1599121094,-0.1599121094,0.2305862007,0.2305862007,0.5904921859,0.2830764351,18.5427778,1.227638229,-0.2251800444,-0.1695556641,0.05562438032,0.4858008279,0.4173583984,0.8591142182,-0.107421875,-0.068359375,-0.1171875,-0.1599121094,-0.09033203125,-0.08910784617,0,,,,,0.07104788238,0.02876886388,3,3072,12,60,4,36,144,180,0.0107789,0.0001411199999
n2_L4_high_s1,2,4,high,0.03,0.05,0.05,1,zne_rem,3,-0.3904983101,-0.37890625,-0.1799989176,-0.1892710168,-0.1892710168,0.2012272933,0.2012272933,0.5153089991,0.2830764351,28.91414884,1.406749703,-0.2251800444,-0.2113315052,0.01384853914,0.4858008279,0.4395650594,0.9048256695,-0.1259038178,-0.08119820937,-0.1458643204,-0.1892710168,-0.1026850722,-0.1023086085,0,,,0,1.289486955,,0.02876886388,7,7168,12,60,4,36,148,184,0.0181057,0.0001411199999
n2_L4_high_s2,2,4,high,0.03,0.05,0.05,2,none,1,-0.3938057922,-0.373046875,-0.1952051013,-0.21484375,-0.21484375,0.1789620422,0.1789620422,0.4544423819,0.1789620422,,,0.250635509,0.1640625,0.08657300903,0.6689329646,0.4755859375,0.7109620286,,,,,,,,0.9160344307,0.1933470271,,,0.03052026355,0.0287248021,1,1024,12,12,4,4,16,20,0.002890800002,0.0001399799999
n2_L4_high_s2,2,4,high,0.03,0.05,0.05,2,rem,1,-0.3938057922,-0.373046875,-0.1952051013,-0.2612058938,-0.2612058938,0.1325998984,0.1325998984,0.3367139363,0.1789620422,25.90613251,1.349639361,0.250635509,0.171201013,0.07943449598,0.6689329646,0.5079352406,0.7593215875,,,,,,,,0.9332027049,0.1675649973,0,1.272524523,,0.0287248021,5,5120,12,12,4,4,20,24,0.0101677,0.0001399799999
n2_L4_high_s2,2,4,high,0.03,0.05,0.05,2,rem_tensored,1,-0.3938057922,-0.373046875,-0.1952051013,-0.2586048098,-0.2586048098,0.1352009824,0.1352009824,0.3433189279,0.1789620422,24.45270476,1.323674126,0.250635509,0.1816086353,0.06902687376,0.6689329646,0.4974732584,0.7436817809,,,,,,,,0.92910172,0.1721728974,0,1.282012411,,0.0287248021,3,3072,12,12,4,4,18,22,0.007301300004,0.0001399799999
n2_L4_high_s2,2,4,high,0.03,0.05,0.05,2,zne,1,-0.3938057922,-0.373046875,-0.1952051013,-0.2431640625,-0.2431640625,0.1506417297,0.1506417297,0.3825279686,0.1789620422,15.82475935,1.187997792,0.250635509,0.1782226562,0.07241285278,0.6689329646,0.5411376953,0.8089565382,-0.21484375,-0.123046875,0.015625,-0.2431640625,-0.2802734375,,0,,,,,0.07010584171,0.0287248021,3,3072,12,60,4,36,144,180,0.0111392,0.0001399799999
n2_L4_high_s2,2,4,high,0.03,0.05,0.05,2,zne_rem,1,-0.3938057922,-0.373046875,-0.1952051013,-0.2970575885,-0.2970575885,0.0967482037,0.0967482037,0.2456749129,0.1789620422,45.93926036,1.849771214,0.250635509,0.1873747971,0.06326071194,0.6689329646,0.5817476953,0.8696651624,-0.2612058938,-0.1434382318,0.03574846011,-0.2970575885,-0.3456809873,,0,,,0,1.272524523,,0.0287248021,7,7168,12,60,4,36,148,184,0.0184161,0.0001399799999
n2_L4_high_s3,2,4,high,0.03,0.05,0.05,3,none,1,0.5393235088,0.53515625,0.266095973,0.23046875,0.23046875,0.3088547588,-0.3088547588,0.5726706768,0.3088547588,,,-0.3328041564,-0.1171875,0.2156166564,0.5512329554,0.3662109375,0.6643487729,,,,,,,,0.9607074394,0.1850220179,,,0.03040874147,0.02631558312,1,1024,12,12,4,4,16,20,0.002899200001,0.0001553599999
n2_L4_high_s3,2,4,high,0.03,0.05,0.05,3,rem,1,0.5393235088,0.53515625,0.266095973,0.2783878017,0.2783878017,0.2609357071,-0.2609357071,0.483820384,0.3088547588,15.51507636,1.183643136,-0.3328041564,-0.1404932413,0.1923109151,0.5512329554,0.3898435711,0.7072210891,,,,,,,,0.9704445272,0.1613893843,0,1.25934343,,0.02631558312,5,5120,12,12,4,4,20,24,0.0102999,0.0001553599999
n2_L4_high_s3,2,4,high,0.03,0.05,0.05,3,rem_tensored,1,0.5393235088,0.53515625,0.266095973,0.290117895,0.290117895,0.2492056138,-0.2492056138,0.4620707419,0.3088547588,19.31300822,1.239357148,-0.3328041564,-0.1398101667,0.1929939897,0.5512329554,0.3924345571,0.7119214359,,,,,,,,0.9717400865,0.1587983983,0,1.250654267,,0.02631558312,3,3072,12,12,4,4,18,22,0.0069515,0.0001553599999
n2_L4_high_s3,2,4,high,0.03,0.05,0.05,3,zne,1,0.5393235088,0.53515625,0.266095973,0.3212890625,0.3212890625,0.2180344463,-0.2180344463,0.404273952,0.3088547588,29.40550855,1.41654112,-0.3328041564,-0.1501464844,0.182657672,0.5512329554,0.4053955078,0.7354340916,0.23046875,0.1015625,0.04296875,0.3212890625,0.265625,0.3531239804,0,,,,,0.06998631196,0.02631558312,3,3072,12,60,4,36,144,180,0.0114747,0.0001553599999
n2_L4_high_s3,2,4,high,0.03,0.05,0.05,3,zne_rem,1,0.5393235088,0.53515625,0.266095973,0.3925562523,0.3925562523,0.1467672565,-0.1467672565,0.2721321325,0.3088547588,52.48016993,2.10438463,-0.3328041564,-0.1766446548,0.1561595016,0.5512329554,0.4364613904,0.7917911768,0.2783878017,0.1164175684,0.04293622586,0.3925562523,0.3225025472,0.4536287957,0,,,0,1.25934343,,0.02631558312,7,7168,12,60,4,36,148,184,0.0188754,0.0001553599999
n2_L4_high_s4,2,4,high,0.03,0.05,0.05,4,none,2,-0.6943653647,-0.71484375,-0.329168342,-0.32421875,-0.32421875,0.3701466147,0.3701466147,0.5330718286,0.3701466147,,,0.04126992674,-0.005859375,0.04712930174,0.4947222664,0.3720703125,0.752079172,,,,,,,,0.947901524,0.1850733074,,,0.02956194176,0.02248820742,1,1024,12,12,4,4,16,20,0.0028953,0.0001554199996
n2_L4_high_s4,2,4,high,0.03,0.05,0.05,4,rem,2,-0.6943653647,-0.71484375,-0.329168342,-0.433595807,-0.433595807,0.2607695577,0.2607695577,0.3755509289,0.3701466147,29.54965752,1.419439516,0.04126992674,-0.02685938073,0.06812930747,0.4947222664,0.4046645924,0.8179631682,,,,,,,,0.9675317249,0.1303847789,0,1.286319453,,0.02248820742,5,5120,12,12,4,4,20,24,0.0118144,0.0001554199996
n2_L4_high_s4,2,4,high,0.03,0.05,0.05,4,rem_tensored,2,-0.6943653647,-0.71484375,-0.329168342,-0.4024038845,-0.4024038845,0.2919614803,0.2919614803,0.4204724128,0.3701466147,21.12274741,1.267792636,0.04126992674,-0.01526717557,0.05653710232,0.4947222664,0.3914951914,0.7913433818,,,,,,,,0.9630734174,0.1459807401,0,1.248716595,,0.02248820742,3,3072,12,12,4,4,18,22,0.007469799999,0.0001554199996
n2_L4_high_s4,2,4,high,0.03,0.05,0.05,4,zne,2,-0.6943653647,-0.71484375,-0.329168342,-0.4770507812,-0.4770507812,0.2173145835,0.2173145835,0.3129686394,0.3701466147,41.28959314,1.703275541,0.04126992674,0.00390625,0.03736367674,0.4947222664,0.451171875,0.9119700195,-0.32421875,-0.12109375,-0.0546875,-0.4770507812,-0.3688151042,-0.490149448,0,,,,,0.06864951923,0.02248820742,3,3072,12,60,4,36,144,180,0.0130116,0.0001554199996
n2_L4_high_s4,2,4,high,0.03,0.05,0.05,4,zne_rem,2,-0.6943653647,-0.71484375,-0.329168342,-0.6296698572,-0.6296698572,0.06469550755,0.06469550755,0.09317214083,0.3701466147,82.52165359,5.721365034,0.04126992674,-0.01778337427,0.05905330101,0.4947222664,0.4997099506,1.010081786,-0.433595807,-0.1730405549,-0.08794243401,-0.6296698572,-0.490766295,-0.6205957003,0,,,0,1.286319453,,0.02248820742,7,7168,12,60,4,36,148,184,0.0219307,0.0001554199996
n4_L2_ideal_s0,4,2,ideal,0,0,0,0,none,2,0.4000761735,0.37890625,0.4000761735,0.38671875,0.38671875,0.01335742349,-0.01335742349,0.03338720067,0.01335742349,,,-0.05672478022,-0.0576171875,0.0008924072815,0.1942848354,0.1865234375,0.960051448,,,,,,,,0.9968868083,0.03645838473,,,0.0288186783,0.02864005907,1,1024,9,9,6,6,16,22,0.0018504,0.0001518599995
n4_L2_ideal_s0,4,2,ideal,0,0,0,0,rem,2,0.4000761735,0.37890625,0.4000761735,0.38671875,0.38671875,0.01335742349,-0.01335742349,0.03338720067,0.01335742349,0,1,-0.05672478022,-0.0576171875,0.0008924072815,0.1942848354,0.1865234375,0.960051448,,,,,,,,0.9968868083,0.03645838473,0,1,,0.02864005907,17,17408,9,9,6,6,48,54,0.0207412,0.0001518599995
n4_L2_ideal_s0,4,2,ideal,0,0,0,0,rem_tensored,2,0.4000761735,0.37890625,0.4000761735,0.38671875,0.38671875,0.01335742349,-0.01335742349,0.03338720067,0.01335742349,0,1,-0.05672478022,-0.0576171875,0.0008924072815,0.1942848354,0.1865234375,0.960051448,,,,,,,,0.9968868083,0.03645838473,0,1,,0.02864005907,3,3072,9,9,6,6,20,26,0.004435300001,0.0001518599995
n4_L2_ideal_s0,4,2,ideal,0,0,0,0,zne,2,0.4000761735,0.37890625,0.4000761735,0.3430175781,0.3430175781,0.05705859536,-0.05705859536,0.1426193289,0.01335742349,-327.1676751,0.2341001106,-0.05672478022,-0.06341552734,0.006690747125,0.1942848354,0.1606445312,0.8268505926,0.38671875,0.4375,0.439453125,0.3430175781,0.3816731771,0.3820532972,0,,,,,0.06530243461,0.02864005907,3,3072,9,45,6,54,144,198,0.007638700001,0.0001518599995
n4_L2_ideal_s0,4,2,ideal,0,0,0,0,zne_rem,2,0.4000761735,0.37890625,0.4000761735,0.3430175781,0.3430175781,0.05705859536,-0.05705859536,0.1426193289,0.01335742349,-327.1676751,0.2341001106,-0.05672478022,-0.06341552734,0.006690747125,0.1942848354,0.1606445312,0.8268505926,0.38671875,0.4375,0.439453125,0.3430175781,0.3816731771,0.3820532972,0,,,0,1,,0.02864005907,19,19456,9,45,6,54,176,230,0.0265295,0.0001518599995
n4_L2_ideal_s1,4,2,ideal,0,0,0,1,none,4,-0.7027668458,-0.7265625,-0.7027668458,-0.7109375,-0.7109375,0.00817065424,-0.00817065424,0.01162640823,0.00817065424,,,0.1256857999,0.158203125,0.03251732512,0.565200465,0.587890625,1.040145331,,,,,,,,0.9962834039,0.03767529041,,,0.02197672488,0.02223188256,1,1024,9,9,6,6,16,22,0.001914300003,0.0001772600001
n4_L2_ideal_s1,4,2,ideal,0,0,0,1,rem,4,-0.7027668458,-0.7265625,-0.7027668458,-0.7109375,-0.7109375,0.00817065424,-0.00817065424,0.01162640823,0.00817065424,0,1,0.1256857999,0.158203125,0.03251732512,0.565200465,0.587890625,1.040145331,,,,,,,,0.9962834039,0.03767529041,0,1,,0.02223188256,17,17408,9,9,6,6,48,54,0.0209095,0.0001772600001
n4_L2_ideal_s1,4,2,ideal,0,0,0,1,rem_tensored,4,-0.7027668458,-0.7265625,-0.7027668458,-0.7109375,-0.7109375,0.00817065424,-0.00817065424,0.01162640823,0.00817065424,0,1,0.1256857999,0.158203125,0.03251732512,0.565200465,0.587890625,1.040145331,,,,,,,,0.9962834039,0.03767529041,0,1,,0.02223188256,3,3072,9,9,6,6,20,26,0.004527100005,0.0001772600001
n4_L2_ideal_s1,4,2,ideal,0,0,0,1,zne,4,-0.7027668458,-0.7265625,-0.7027668458,-0.7355957031,-0.7355957031,0.03282885736,-0.03282885736,0.04671372527,0.00817065424,-301.7898249,0.2488863426,0.1256857999,0.1768188477,0.05113304778,0.565200465,0.5860595703,1.036905676,-0.7109375,-0.689453125,-0.705078125,-0.7355957031,-0.7062174479,-0.7061334297,0,,,,,0.05067130426,0.02223188256,3,3072,9,45,6,54,144,198,0.007909100004,0.0001772600001
n4_L2_ideal_s1,4,2,ideal,0,0,0,1,zne_rem,4,-0.7027668458,-0.7265625,-0.7027668458,-0.7355957031,-0.7355957031,0.03282885736,-0.03282885736,0.04671372527,0.00817065424,-301.7898249,0.2488863426,0.1256857999,0.1768188477,0.05113304778,0.565200465,0.5860595703,1.036905676,-0.7109375,-0.689453125,-0.705078125,-0.7355957031,-0.7062174479,-0.7061334297,0,,,0,1,,0.02223188256,19,19456,9,45,6,54,176,230,0.0269043,0.0001772600001
n4_L2_ideal_s2,4,2,ideal,0,0,0,2,none,4,0.3214590822,0.314453125,0.3214590822,0.296875,0.296875,0.0245840822,-0.0245840822,0.07647655195,0.0245840822,,,-0.2625377103,-0.2626953125,0.0001576022012,0.4093305486,0.408203125,0.9972456892,,,,,,,,0.9983932398,0.01736890395,,,0.02984113592,0.02959135844,1,1024,9,9,6,6,16,22,0.001818799999,0.0001803199993
n4_L2_ideal_s2,4,2,ideal,0,0,0,2,rem,4,0.3214590822,0.314453125,0.3214590822,0.296875,0.296875,0.0245840822,-0.0245840822,0.07647655195,0.0245840822,0,1,-0.2625377103,-0.2626953125,0.0001576022012,0.4093305486,0.408203125,0.9972456892,,,,,,,,0.9983932398,0.01736890395,0,1,,0.02959135844,17,17408,9,9,6,6,48,54,0.0203928,0.0001803199993
n4_L2_ideal_s2,4,2,ideal,0,0,0,2,rem_tensored,4,0.3214590822,0.314453125,0.3214590822,0.296875,0.296875,0.0245840822,-0.0245840822,0.07647655195,0.0245840822,0,1,-0.2625377103,-0.2626953125,0.0001576022012,0.4093305486,0.408203125,0.9972456892,,,,,,,,0.9983932398,0.01736890395,0,1,,0.02959135844,3,3072,9,9,6,6,20,26,0.0043625,0.0001803199993
n4_L2_ideal_s2,4,2,ideal,0,0,0,2,zne,4,0.3214590822,0.314453125,0.3214590822,0.255859375,0.255859375,0.0655997072,-0.0655997072,0.2040686073,0.0245840822,-166.8381381,0.3747590233,-0.2625377103,-0.2485351562,0.01400255405,0.4093305486,0.3999023438,0.9769667696,0.296875,0.337890625,0.32421875,0.255859375,0.2991536458,0.2987887607,0,,,,,0.06786164897,0.02959135844,3,3072,9,45,6,54,144,198,0.007660299998,0.0001803199993
n4_L2_ideal_s2,4,2,ideal,0,0,0,2,zne_rem,4,0.3214590822,0.314453125,0.3214590822,0.255859375,0.255859375,0.0655997072,-0.0655997072,0.2040686073,0.0245840822,-166.8381381,0.3747590233,-0.2625377103,-0.2485351562,0.01400255405,0.4093305486,0.3999023438,0.9769667696,0.296875,0.337890625,0.32421875,0.255859375,0.2991536458,0.2987887607,0,,,0,1,,0.02959135844,19,19456,9,45,6,54,176,230,0.0262343,0.0001803199993
n4_L2_ideal_s3,4,2,ideal,0,0,0,3,none,1,0.6424424493,0.6328125,0.6424424493,0.638671875,0.638671875,0.003770574302,-0.003770574302,0.005869123851,0.003770574302,,,0.02146839145,0.02685546875,0.0053870773,0.4014702796,0.361328125,0.9000121387,,,,,,,,0.9955667395,0.05124171913,,,0.02404622494,0.02394793546,1,1024,9,9,6,6,16,22,0.001848200001,0.0001936200002
n4_L2_ideal_s3,4,2,ideal,0,0,0,3,rem,1,0.6424424493,0.6328125,0.6424424493,0.638671875,0.638671875,0.003770574302,-0.003770574302,0.005869123851,0.003770574302,0,1,0.02146839145,0.02685546875,0.0053870773,0.4014702796,0.361328125,0.9000121387,,,,,,,,0.9955667395,0.05124171913,0,1,,0.02394793546,17,17408,9,9,6,6,48,54,0.021785,0.0001936200002
n4_L2_ideal_s3,4,2,ideal,0,0,0,3,rem_tensored,1,0.6424424493,0.6328125,0.6424424493,0.638671875,0.638671875,0.003770574302,-0.003770574302,0.005869123851,0.003770574302,0,1,0.02146839145,0.02685546875,0.0053870773,0.4014702796,0.361328125,0.9000121387,,,,,,,,0.9955667395,0.05124171913,0,1,,0.02394793546,3,3072,9,9,6,6,20,26,0.004689300004,0.0001936200002
n4_L2_ideal_s3,4,2,ideal,0,0,0,3,zne,1,0.6424424493,0.6328125,0.6424424493,0.6081542969,0.6081542969,0.03428815243,-0.03428815243,0.05337155486,0.003770574302,-809.3615369,0.1099672638,0.02146839145,0.03619384766,0.01472545621,0.4014702796,0.3386230469,0.8434573219,0.638671875,0.671875,0.66796875,0.6081542969,0.6375325521,0.637527184,0,,,,,0.05427647735,0.02394793546,3,3072,9,45,6,54,144,198,0.008034700004,0.0001936200002
n4_L2_ideal_s3,4,2,ideal,0,0,0,3,zne_rem,1,0.6424424493,0.6328125,0.6424424493,0.6081542969,0.6081542969,0.03428815243,-0.03428815243,0.05337155486,0.003770574302,-809.3615369,0.1099672638,0.02146839145,0.03619384766,0.01472545621,0.4014702796,0.3386230469,0.8434573219,0.638671875,0.671875,0.66796875,0.6081542969,0.6375325521,0.637527184,0,,,0,1,,0.02394793546,19,19456,9,45,6,54,176,230,0.0279715,0.0001936200002
n4_L2_ideal_s4,4,2,ideal,0,0,0,4,none,1,-0.663607801,-0.642578125,-0.663607801,-0.634765625,-0.634765625,0.02884217597,0.02884217597,0.04346268372,0.02884217597,,,-0.3002487911,-0.3149414062,0.01469261517,0.323939863,0.326171875,1.006890205,,,,,,,,0.9952496355,0.0357208531,,,0.02414702284,0.02337752089,1,1024,9,9,6,6,16,22,0.0019612,0.0001969800003
n4_L2_ideal_s4,4,2,ideal,0,0,0,4,rem,1,-0.663607801,-0.642578125,-0.663607801,-0.634765625,-0.634765625,0.02884217597,0.02884217597,0.04346268372,0.02884217597,0,1,-0.3002487911,-0.3149414062,0.01469261517,0.323939863,0.326171875,1.006890205,,,,,,,,0.9952496355,0.0357208531,0,1,,0.02337752089,17,17408,9,9,6,6,48,54,0.0209776,0.0001969800003
n4_L2_ideal_s4,4,2,ideal,0,0,0,4,rem_tensored,1,-0.663607801,-0.642578125,-0.663607801,-0.634765625,-0.634765625,0.02884217597,0.02884217597,0.04346268372,0.02884217597,0,1,-0.3002487911,-0.3149414062,0.01469261517,0.323939863,0.326171875,1.006890205,,,,,,,,0.9952496355,0.0357208531,0,1,,0.02337752089,3,3072,9,9,6,6,20,26,0.004713399998,0.0001969800003
n4_L2_ideal_s4,4,2,ideal,0,0,0,4,zne,1,-0.663607801,-0.642578125,-0.663607801,-0.6008300781,-0.6008300781,0.06277772284,0.06277772284,0.09460064025,0.02884217597,-117.6594544,0.4594332936,-0.3002487911,-0.3433227539,0.04307396283,0.323939863,0.28515625,0.880275269,-0.634765625,-0.66015625,-0.62890625,-0.6008300781,-0.6456705729,-0.6456085902,0,,,,,0.05471553414,0.02337752089,3,3072,9,45,6,54,144,198,0.0082416,0.0001969800003
n4_L2_ideal_s4,4,2,ideal,0,0,0,4,zne_rem,1,-0.663607801,-0.642578125,-0.663607801,-0.6008300781,-0.6008300781,0.06277772284,0.06277772284,0.09460064025,0.02884217597,-117.6594544,0.4594332936,-0.3002487911,-0.3433227539,0.04307396283,0.323939863,0.28515625,0.880275269,-0.634765625,-0.66015625,-0.62890625,-0.6008300781,-0.6456705729,-0.6456085902,0,,,0,1,,0.02337752089,19,19456,9,45,6,54,176,230,0.027258,0.0001969800003
n4_L2_low_s0,4,2,low,0.001,0.005,0.01,0,none,2,0.4000761735,0.37890625,0.3569737717,0.326171875,0.326171875,0.07390429849,-0.07390429849,0.1847255682,0.07390429849,,,-0.05672478022,-0.08349609375,0.02677131353,0.1942848354,0.1904296875,0.9801572375,,,,,,,,0.9920709946,0.07257575317,,,0.02954095257,0.02864005907,1,1024,9,9,6,6,16,22,0.004177199997,0.00018022
n4_L2_low_s0,4,2,low,0.001,0.005,0.01,0,rem,2,0.4000761735,0.37890625,0.3569737717,0.3545592445,0.3545592445,0.04551692895,-0.04551692895,0.1137706566,0.07390429849,38.41098572,1.623666187,-0.05672478022,-0.08523360059,0.02850882037,0.1942848354,0.1981459523,1.019873486,,,,,,,,0.9936170049,0.06444881488,0,1.090515073,,0.02864005907,17,17408,9,9,6,6,48,54,0.0419263,0.00018022
n4_L2_low_s0,4,2,low,0.001,0.005,0.01,0,rem_tensored,2,0.4000761735,0.37890625,0.3569737717,0.3521686853,0.3521686853,0.0479074882,-0.0479074882,0.1197459168,0.07390429849,35.17631696,1.542646072,-0.05672478022,-0.08896671253,0.03224193232,0.1942848354,0.1965644158,1.011733188,,,,,,,,0.9928783127,0.06709097809,0,1.088993974,,0.02864005907,3,3072,9,9,6,6,20,26,0.009766699997,0.00018022
n4_L2_low_s0,4,2,low,0.001,0.005,0.01,0,zne,2,0.4000761735,0.37890625,0.3569737717,0.3427734375,0.3427734375,0.05730273599,-0.05730273599,0.1432295642,0.07390429849,22.46359527,1.289716751,-0.05672478022,-0.1032714844,0.04654670416,0.1942848354,0.1623535156,0.8356468755,0.326171875,0.31640625,0.337890625,0.3427734375,0.3180338542,0.3181695971,0,,,,,0.06754807148,0.02864005907,3,3072,9,45,6,54,144,198,0.0150619,0.00018022
n4_L2_low_s0,4,2,low,0.001,0.005,0.01,0,zne_rem,2,0.4000761735,0.37890625,0.3569737717,0.3716178259,0.3716178259,0.02845834761,-0.02845834761,0.07113232304,0.07390429849,61.49297376,2.596928659,-0.05672478022,-0.1057633151,0.04903853485,0.1942848354,0.1685258614,0.8674164462,0.3545592445,0.3444992544,0.3665154943,0.3716178259,0.3462241438,0.3463542348,0,,,0,1.090515073,,0.02864005907,19,19456,9,45,6,54,176,230,0.052811,0.00018022
n4_L2_low_s1,4,2,low,0.001,0.005,0.01,1,none,4,-0.7027668458,-0.7265625,-0.6271919548,-0.568359375,-0.568359375,0.1344074708,0.1344074708,0.1912547121,0.1344074708,,,0.1256857999,0.1000976562,0.02558814363,0.565200465,0.4990234375,0.8829140605,,,,,,,,0.9839109868,0.08424551679,,,0.02571188815,0.02223188256,1,1024,9,9,6,6,16,22,0.0038608,0.0001769200004
n4_L2_low_s1,4,2,low,0.001,0.005,0.01,1,rem,4,-0.7027668458,-0.7265625,-0.6271919548,-0.6247008898,-0.6247008898,0.07806595599,0.07806595599,0.1110837207,0.1344074708,41.91843984,1.721716836,0.1256857999,0.1022101037,0.02347569613,0.565200465,0.5228082267,0.9249961016,,,,,,,,0.9924309403,0.05637366139,0.0007022769604,1.092099291,,0.02223188256,17,17408,9,9,6,6,48,54,0.0437299,0.0001769200004
n4_L2_low_s1,4,2,low,0.001,0.005,0.01,1,rem_tensored,4,-0.7027668458,-0.7265625,-0.6271919548,-0.6209808242,-0.6209808242,0.08178602152,0.08178602152,0.1163771769,0.1344074708,39.15068779,1.643403949,0.1256857999,0.1044389047,0.02124689516,0.565200465,0.5211371304,0.922039458,,,,,,,,0.990861278,0.05838435621,0.0004562422266,1.086439918,,0.02223188256,3,3072,9,9,6,6,20,26,0.0095908,0.0001769200004
n4_L2_low_s1,4,2,low,0.001,0.005,0.01,1,zne,4,-0.7027668458,-0.7265625,-0.6271919548,-0.4711914062,-0.4711914062,0.2315754395,0.2315754395,0.3295195852,0.1344074708,-72.29357728,0.5804046882,0.1256857999,0.1037597656,0.02192603425,0.565200465,0.4672851562,0.8267600351,-0.568359375,-0.630859375,-0.517578125,-0.4711914062,-0.6103515625,-0.6118747106,0,,,,,0.05782152267,0.02223188256,3,3072,9,45,6,54,144,198,0.0142505,0.0001769200004
n4_L2_low_s1,4,2,low,0.001,0.005,0.01,1,zne_rem,4,-0.7027668458,-0.7265625,-0.6271919548,-0.5191600801,-0.5191600801,0.1836067657,0.1836067657,0.261262703,0.1344074708,-36.60458356,0.7320398584,0.1256857999,0.1058715435,0.01981425633,0.565200465,0.4887759426,0.8647833342,-0.6247008898,-0.6922874309,-0.568547201,-0.5191600801,-0.6706271072,-0.6723378557,0,,,0.0002340923201,1.092099291,,0.02223188256,19,19456,9,45,6,54,176,230,0.0541196,0.0001769200004
n4_L2_low_s2,4,2,low,0.001,0.005,0.01,2,none,4,0.3214590822,0.314453125,0.2849080246,0.216796875,0.216796875,0.1046622072,-0.1046622072,0.3255848504,0.1046622072,,,-0.2625377103,-0.2319335938,0.03060411655,0.4093305486,0.3603515625,0.8803436825,,,,,,,,0.9861820686,0.0774725132,,,0.03050677299,0.02959135844,1,1024,9,9,6,6,16,22,0.003829699999,0.0001793400006
n4_L2_low_s2,4,2,low,0.001,0.005,0.01,2,rem,4,0.3214590822,0.314453125,0.2849080246,0.2415897609,0.2415897609,0.07986932132,-0.07986932132,0.2484587487,0.1046622072,23.68847986,1.310418136,-0.2625377103,-0.238095237,0.02444247328,0.4093305486,0.3765643598,0.919951763,,,,,,,,0.9915493056,0.06274417682,0,1.090074442,,0.02959135844,17,17408,9,9,6,6,48,54,0.0426653,0.0001793400006
n4_L2_low_s2,4,2,low,0.001,0.005,0.01,2,rem_tensored,4,0.3214590822,0.314453125,0.2849080246,0.2340154409,0.2340154409,0.08744364125,-0.08744364125,0.272021063,0.1046622072,16.45156012,1.196910441,-0.2625377103,-0.2350006459,0.02753706436,0.4093305486,0.3711954093,0.9068353452,,,,,,,,0.9906521594,0.06566879608,0,1.083508325,,0.02959135844,3,3072,9,9,6,6,20,26,0.009255299999,0.0001793400006
n4_L2_low_s2,4,2,low,0.001,0.005,0.01,2,zne,4,0.3214590822,0.314453125,0.2849080246,0.2138671875,0.2138671875,0.1075918947,-0.1075918947,0.3346985687,0.1046622072,-2.799183754,0.9727703698,-0.2625377103,-0.2340087891,0.02852892124,0.4093305486,0.36328125,0.8875009482,0.216796875,0.228515625,0.248046875,0.2138671875,0.2076822917,0.2085964931,0,,,,,0.06961997461,0.02959135844,3,3072,9,45,6,54,144,198,0.0141425,0.0001793400006
n4_L2_low_s2,4,2,low,0.001,0.005,0.01,2,zne_rem,4,0.3214590822,0.314453125,0.2849080246,0.2387972835,0.2387972835,0.08266179873,-0.08266179873,0.2571456316,0.1046622072,21.02039414,1.266149646,-0.2625377103,-0.240178706,0.02235900433,0.4093305486,0.3796282604,0.9274369131,0.2415897609,0.2538603159,0.2750450045,0.2387972835,0.231740261,0.2326921714,0,,,8.489198319e-05,1.090074442,,0.02959135844,19,19456,9,45,6,54,176,230,0.0529781,0.0001793400006
n4_L2_low_s3,4,2,low,0.001,0.005,0.01,3,none,1,0.6424424493,0.6328125,0.5725397918,0.578125,0.578125,0.0643174493,-0.0643174493,0.100113947,0.0643174493,,,0.02146839145,0.01171875,0.00974964145,0.4014702796,0.36328125,0.9048770692,,,,,,,,0.9886535632,0.06482512464,,,0.02549838162,0.02394793546,1,1024,9,9,6,6,16,22,0.004219400002,0.0001849599998
n4_L2_low_s3,4,2,low,0.001,0.005,0.01,3,rem,1,0.6424424493,0.6328125,0.5725397918,0.6200682804,0.6200682804,0.02237416886,-0.02237416886,0.03482672865,0.0643174493,65.21291018,2.874629655,0.02146839145,0.01183377731,0.009634614138,0.4014702796,0.374441832,0.9326763424,,,,,,,,0.9890783592,0.05019059572,0.001114636516,1.084948479,,0.02394793546,17,17408,9,9,6,6,48,54,0.0423598,0.0001849599998
n4_L2_low_s3,4,2,low,0.001,0.005,0.01,3,rem_tensored,1,0.6424424493,0.6328125,0.5725397918,0.6217434353,0.6217434353,0.020699014,-0.020699014,0.03221925018,0.0643174493,67.8174209,3.107271163,0.02146839145,0.008397220957,0.01307117049,0.4014702796,0.3750440219,0.9341763038,,,,,,,,0.9858440785,0.05198453543,0.002353362478,1.077956992,,0.02394793546,3,3072,9,9,6,6,20,26,0.009702400002,0.0001849599998
n4_L2_low_s3,4,2,low,0.001,0.005,0.01,3,zne,1,0.6424424493,0.6328125,0.5725397918,0.62109375,0.62109375,0.0213486993,-0.0213486993,0.03323052411,0.0643174493,66.80729797,3.012710442,0.02146839145,0.00390625,0.01756214145,0.4014702796,0.3732910156,0.9298098379,0.578125,0.52734375,0.5234375,0.62109375,0.583984375,0.5843788416,0,,,,,0.05905076453,0.02394793546,3,3072,9,45,6,54,144,198,0.0149871,0.0001849599998
n4_L2_low_s3,4,2,low,0.001,0.005,0.01,3,zne_rem,1,0.6424424493,0.6328125,0.5725397918,0.6667472831,0.6667472831,0.02430483376,0.02430483376,0.03783192376,0.0643174493,62.21113551,2.646282214,0.02146839145,0.003932756915,0.01753563454,0.4014702796,0.3850069507,0.9589924093,0.6200682804,0.5651145309,0.5613664555,0.6667472831,0.6262094576,0.6266171486,0,,,0.0003715455053,1.084948479,,0.02394793546,19,19456,9,45,6,54,176,230,0.0531275,0.0001849599998
n4_L2_low_s4,4,2,low,0.001,0.005,0.01,4,none,1,-0.663607801,-0.642578125,-0.5923443306,-0.60546875,-0.60546875,0.05813905097,0.05813905097,0.08761055986,0.05813905097,,,-0.3002487911,-0.310546875,0.01029808392,0.323939863,0.3271484375,1.009904846,,,,,,,,0.993568528,0.04973567499,,,0.02487090876,0.02337752089,1,1024,9,9,6,6,16,22,0.0042631,0.0001879399999
n4_L2_low_s4,4,2,low,0.001,0.005,0.01,4,rem,1,-0.663607801,-0.642578125,-0.5923443306,-0.6641681491,-0.6641681491,0.0005603481438,-0.0005603481438,0.0008443965592,0.05813905097,99.03619317,103.7552308,-0.3002487911,-0.3203436038,0.0200948127,0.323939863,0.341397588,1.05389187,,,,,,,,0.9954254893,0.04911522242,0,1.091485301,,0.02337752089,17,17408,9,9,6,6,48,54,0.0431713,0.0001879399999
n4_L2_low_s4,4,2,low,0.001,0.005,0.01,4,rem_tensored,1,-0.663607801,-0.642578125,-0.5923443306,-0.6527435532,-0.6527435532,0.01086424777,0.01086424777,0.01637148894,0.05813905097,81.3133383,5.351410626,-0.3002487911,-0.3179578722,0.01770908108,0.323939863,0.3392121203,1.047145347,,,,,,,,0.9954660855,0.04951453561,0,1.079636613,,0.02337752089,3,3072,9,9,6,6,20,26,0.0101866,0.0001879399999
n4_L2_low_s4,4,2,low,0.001,0.005,0.01,4,zne,1,-0.663607801,-0.642578125,-0.5923443306,-0.6330566406,-0.6330566406,0.03055116034,0.03055116034,0.0460379765,0.05813905097,47.45156683,1.903006312,-0.3002487911,-0.3413696289,0.04112083783,0.323939863,0.3560791016,1.099213596,-0.60546875,-0.56640625,-0.548828125,-0.6330566406,-0.6160481771,-0.616893565,0,,,,,0.0575060758,0.02337752089,3,3072,9,45,6,54,144,198,0.0159042,0.0001879399999
n4_L2_low_s4,4,2,low,0.001,0.005,0.01,4,zne_rem,1,-0.663607801,-0.642578125,-0.5923443306,-0.6948665055,-0.6948665055,0.03125870452,-0.03125870452,0.04710418485,0.05813905097,46.23458071,1.859931557,-0.3002487911,-0.3516863941,0.05143760306,0.323939863,0.3716244257,1.147201898,-0.6641681491,-0.6208620112,-0.6016766398,-0.6948665055,-0.6757708987,-0.6767032542,0,,,0,1.091485301,,0.02337752089,19,19456,9,45,6,54,176,230,0.0548124,0.0001879399999
n4_L2_moderate_s0,4,2,moderate,0.01,0.02,0.03,0,none,2,0.4000761735,0.37890625,0.2603686415,0.263671875,0.263671875,0.1364042985,-0.1364042985,0.3409458186,0.1364042985,,,-0.05672478022,-0.05029296875,0.006431811468,0.1942848354,0.1708984375,0.87962829,,,,,,,,0.9858617668,0.09962026018,,,0.03014413847,0.02864005907,1,1024,9,9,6,6,16,22,0.004059400002,0.0001924599994
n4_L2_moderate_s0,4,2,moderate,0.01,0.02,0.03,0,rem,2,0.4000761735,0.37890625,0.2603686415,0.3317207331,0.3317207331,0.06835544037,-0.06835544037,0.1708560642,0.1364042985,49.88762002,1.995514881,-0.05672478022,-0.05846025373,0.001735473509,0.1942848354,0.186721663,0.961071731,,,,,,,,0.9920358081,0.06770636639,0,1.305782677,,0.02864005907,17,17408,9,9,6,6,48,54,0.0432988,0.0001924599994
n4_L2_moderate_s0,4,2,moderate,0.01,0.02,0.03,0,rem_tensored,2,0.4000761735,0.37890625,0.2603686415,0.3417331736,0.3417331736,0.05834299991,-0.05834299991,0.1458297289,0.1364042985,57.22788757,2.337971971,-0.05672478022,-0.05959133758,0.002866557358,0.1942848354,0.185681859,0.9557197742,,,,,,,,0.9925415837,0.06312025403,0,1.294473256,,0.02864005907,3,3072,9,9,6,6,20,26,0.009817400001,0.0001924599994
n4_L2_moderate_s0,4,2,moderate,0.01,0.02,0.03,0,zne,2,0.4000761735,0.37890625,0.2603686415,0.3393554688,0.3393554688,0.06072070474,-0.06072070474,0.1517728592,0.1364042985,55.48475714,2.246421531,-0.05672478022,-0.05444335938,0.002281420843,0.1942848354,0.1917724609,0.9870686026,0.263671875,0.16796875,0.146484375,0.3393554688,0.2805989583,0.2898337208,0,,,,,0.06936678318,0.02864005907,3,3072,9,45,6,54,144,198,0.0148257,0.0001924599994
n4_L2_moderate_s0,4,2,moderate,0.01,0.02,0.03,0,zne_rem,2,0.4000761735,0.37890625,0.2603686415,0.4305307358,0.4305307358,0.03045456233,0.03045456233,0.07612190964,0.1364042985,77.67331186,4.478944633,-0.05672478022,-0.06321590423,0.006491124008,0.1942848354,0.2110730399,1.086410267,0.3317207331,0.2065518756,0.1779845485,0.4305307358,0.3540545242,0.3671589253,0,,,0,1.305782677,,0.02864005907,19,19456,9,45,6,54,176,230,0.0540651,0.0001924599994
n4_L2_moderate_s1,4,2,moderate,0.01,0.02,0.03,1,none,4,-0.7027668458,-0.7265625,-0.4580989544,-0.439453125,-0.439453125,0.2633137208,0.2633137208,0.3746814784,0.2633137208,,,0.1256857999,0.08544921875,0.04023658113,0.565200465,0.4189453125,0.7412331349,,,,,,,,0.9308333096,0.1726944523,,,0.02807079761,0.02223188256,1,1024,9,9,6,6,16,22,0.003567100001,0.0001883199999
n4_L2_moderate_s1,4,2,moderate,0.01,0.02,0.03,1,rem,4,-0.7027668458,-0.7265625,-0.4580989544,-0.5675386831,-0.5675386831,0.1352281627,0.1352281627,0.1924225132,0.2633137208,48.64370825,1.947181087,0.1256857999,0.08258758066,0.04309821922,0.565200465,0.4651846372,0.8230436209,,,,,,,,0.9627369643,0.1183690937,0.006395185389,1.3129863,,0.02223188256,17,17408,9,9,6,6,48,54,0.041801,0.0001883199999
n4_L2_moderate_s1,4,2,moderate,0.01,0.02,0.03,1,rem_tensored,4,-0.7027668458,-0.7265625,-0.4580989544,-0.5907361952,-0.5907361952,0.1120306506,0.1120306506,0.1594136822,0.2633137208,57.45354619,2.350372147,0.1256857999,0.09577230108,0.02991349879,0.565200465,0.4763500693,0.8427984384,,,,,,,,0.9621006064,0.1079847125,0.003689831991,1.340287235,,0.02223188256,3,3072,9,9,6,6,20,26,0.0091637,0.0001883199999
n4_L2_moderate_s1,4,2,moderate,0.01,0.02,0.03,1,zne,4,-0.7027668458,-0.7265625,-0.4580989544,-0.4721679688,-0.4721679688,0.230598877,0.230598877,0.3281299885,0.2633137208,12.42428372,1.141869051,0.1256857999,0.1801757812,0.05448998137,0.565200465,0.4802246094,0.8496535993,-0.439453125,-0.34765625,-0.220703125,-0.4721679688,-0.5,-0.5415248819,0,,,,,0.06513293694,0.02223188256,3,3072,9,45,6,54,144,198,0.0136959,0.0001883199999
n4_L2_moderate_s1,4,2,moderate,0.01,0.02,0.03,1,zne_rem,4,-0.7027668458,-0.7265625,-0.4580989544,-0.6099206501,-0.6099206501,0.09284619562,0.09284619562,0.1321152188,0.2633137208,64.73932488,2.836020571,0.1256857999,0.1829869876,0.05730118776,0.565200465,0.5333940712,0.9437254643,-0.5675386831,-0.4491879385,-0.2860547798,-0.6099206501,-0.6453733946,-0.6984209887,0,,,0.002131728463,1.3129863,,0.02223188256,19,19456,9,45,6,54,176,230,0.0519298,0.0001883199999
n4_L2_moderate_s2,4,2,moderate,0.01,0.02,0.03,2,none,4,0.3214590822,0.314453125,0.201289686,0.205078125,0.205078125,0.1163809572,-0.1163809572,0.3620397234,0.1163809572,,,-0.2625377103,-0.1733398438,0.08919786655,0.4093305486,0.296875,0.7252695921,,,,,,,,0.9477829109,0.1363652257,,,0.03058580021,0.02959135844,1,1024,9,9,6,6,16,22,0.003638999999,0.0001855399998
n4_L2_moderate_s2,4,2,moderate,0.01,0.02,0.03,2,rem,4,0.3214590822,0.314453125,0.201289686,0.2460382479,0.2460382479,0.07542083426,-0.07542083426,0.2346203247,0.1163809572,35.19486686,1.543087641,-0.2625377103,-0.1878918824,0.07464582787,0.4093305486,0.3273783097,0.7997895853,,,,,,,,0.9752158669,0.09017368486,0.0003390029265,1.31609308,,0.02959135844,17,17408,9,9,6,6,48,54,0.0436398,0.0001855399998
n4_L2_moderate_s2,4,2,moderate,0.01,0.02,0.03,2,rem_tensored,4,0.3214590822,0.314453125,0.201289686,0.2650770896,0.2650770896,0.0563819926,-0.0563819926,0.1753939948,0.1163809572,51.55393635,2.064151192,-0.2625377103,-0.1897408993,0.07279681095,0.4093305486,0.3324474345,0.8121735249,,,,,,,,0.9743302505,0.092640773,0,1.278898745,,0.02959135844,3,3072,9,9,6,6,20,26,0.009250899995,0.0001855399998
n4_L2_moderate_s2,4,2,moderate,0.01,0.02,0.03,2,zne,4,0.3214590822,0.314453125,0.201289686,0.1882324219,0.1882324219,0.1332266603,-0.1332266603,0.4144436033,0.1163809572,-14.47462156,0.8735560654,-0.2625377103,-0.1795043945,0.08303331577,0.4093305486,0.3083496094,0.7533022162,0.205078125,0.17578125,0.0625,0.1882324219,0.2547200521,0.3196098279,0,,,,,0.07003113251,0.02959135844,3,3072,9,45,6,54,144,198,0.0137813,0.0001855399998
n4_L2_moderate_s2,4,2,moderate,0.01,0.02,0.03,2,zne_rem,4,0.3214590822,0.314453125,0.201289686,0.2230404247,0.2230404247,0.09841865749,-0.09841865749,0.3061623172,0.1163809572,15.43405394,1.182509091,-0.2625377103,-0.1943561848,0.06818152553,0.4093305486,0.3401170988,0.8309106174,0.2460382479,0.2099154033,0.06430123721,0.2230404247,0.3097210542,0.4081717028,0,,,0.0001130009755,1.31609308,,0.02959135844,19,19456,9,45,6,54,176,230,0.0537821,0.0001855399998
n4_L2_moderate_s3,4,2,moderate,0.01,0.02,0.03,3,none,1,0.6424424493,0.6328125,0.4152618167,0.390625,0.390625,0.2518174493,-0.2518174493,0.3919688831,0.2518174493,,,0.02146839145,0.03515625,0.01368785855,0.4014702796,0.318359375,0.7929836682,,,,,,,,0.9404822171,0.1576042175,,,0.02876718422,0.02394793546,1,1024,9,9,6,6,16,22,0.003702099999,0.0001832399998
n4_L2_moderate_s3,4,2,moderate,0.01,0.02,0.03,3,rem,1,0.6424424493,0.6328125,0.4152618167,0.4849721312,0.4849721312,0.1574703181,-0.1574703181,0.2451119446,0.2518174493,37.4664788,1.599142317,0.02146839145,0.0330539948,0.01158560335,0.4014702796,0.3526835968,0.8784799639,,,,,,,,0.9680937077,0.1049934629,0.001902569178,1.314585322,,0.02394793546,17,17408,9,9,6,6,48,54,0.0422846,0.0001832399998
n4_L2_moderate_s3,4,2,moderate,0.01,0.02,0.03,3,rem_tensored,1,0.6424424493,0.6328125,0.4152618167,0.5238027708,0.5238027708,0.1186396785,-0.1186396785,0.1846697375,0.2518174493,52.88663323,2.122539883,0.02146839145,0.03641221834,0.01494382689,0.4014702796,0.3671860203,0.9146032444,,,,,,,,0.9754424928,0.0898793591,0.001931770893,1.333495761,,0.02394793546,3,3072,9,9,6,6,20,26,0.009360699998,0.0001832399998
n4_L2_moderate_s3,4,2,moderate,0.01,0.02,0.03,3,zne,1,0.6424424493,0.6328125,0.4152618167,0.453125,0.453125,0.1893174493,-0.1893174493,0.2946839044,0.2518174493,24.81956678,1.33013333,0.02146839145,0.04943847656,0.02797008511,0.4014702796,0.3654785156,0.910350116,0.390625,0.2890625,0.21875,0.453125,0.4283854167,0.4498754182,0,,,,,0.06662204685,0.02394793546,3,3072,9,45,6,54,144,198,0.0138958,0.0001832399998
n4_L2_moderate_s3,4,2,moderate,0.01,0.02,0.03,3,zne_rem,1,0.6424424493,0.6328125,0.4152618167,0.5610907688,0.5610907688,0.08135168054,-0.08135168054,0.1266287441,0.2518174493,67.69418451,3.095417914,0.02146839145,0.04808112328,0.02661273183,0.4014702796,0.4063762517,1.012220013,0.4849721312,0.3593297425,0.269147202,0.5610907688,0.5330183888,0.5608694578,0,,,0.0006341897259,1.314585322,,0.02394793546,19,19456,9,45,6,54,176,230,0.0524783,0.0001832399998
n4_L2_moderate_s4,4,2,moderate,0.01,0.02,0.03,4,none,1,-0.663607801,-0.642578125,-0.4328759735,-0.4375,-0.4375,0.226107801,0.226107801,0.3407250497,0.226107801,,,-0.3002487911,-0.2646484375,0.03560035358,0.323939863,0.26953125,0.8320410077,,,,,,,,0.9732773817,0.1205856277,,,0.02810057533,0.02337752089,1,1024,9,9,6,6,16,22,0.0040061,0.0001798400001
n4_L2_moderate_s4,4,2,moderate,0.01,0.02,0.03,4,rem,1,-0.663607801,-0.642578125,-0.4328759735,-0.5720740523,-0.5720740523,0.09153374867,0.09153374867,0.1379335031,0.226107801,59.51765119,2.4702124,-0.3002487911,-0.2904072172,0.009841573837,0.323939863,0.3046566385,0.9404728264,,,,,,,,0.9930256938,0.05604149806,0,1.320533426,,0.02337752089,17,17408,9,9,6,6,48,54,0.0433588,0.0001798400001
n4_L2_moderate_s4,4,2,moderate,0.01,0.02,0.03,4,rem_tensored,1,-0.663607801,-0.642578125,-0.4328759735,-0.5926683158,-0.5926683158,0.07093948519,0.07093948519,0.1068997156,0.226107801,68.62581261,3.187333547,-0.3002487911,-0.292266517,0.00798227411,0.323939863,0.3107525854,0.9592909702,,,,,,,,0.994847423,0.04626611806,0,1.333025261,,0.02337752089,3,3072,9,9,6,6,20,26,0.009966699999,0.0001798400001
n4_L2_moderate_s4,4,2,moderate,0.01,0.02,0.03,4,zne,1,-0.663607801,-0.642578125,-0.4328759735,-0.53125,-0.53125,0.132357801,0.132357801,0.1994518461,0.226107801,41.46252345,1.708307325,-0.3002487911,-0.2691650391,0.03108375202,0.323939863,0.2813720703,0.8685935338,-0.4375,-0.291015625,-0.19921875,-0.53125,-0.4879557292,-0.5300425607,0,,,,,0.06560958145,0.02337752089,3,3072,9,45,6,54,144,198,0.0148452,0.0001798400001
n4_L2_moderate_s4,4,2,moderate,0.01,0.02,0.03,4,zne_rem,1,-0.663607801,-0.642578125,-0.4328759735,-0.6940684882,-0.6940684882,0.03046068727,-0.03046068727,0.04590164133,0.226107801,86.52824576,7.422938261,-0.3002487911,-0.2955853279,0.004663463163,0.323939863,0.3200362344,0.9879495271,-0.5720740523,-0.3802742794,-0.2580599718,-0.6940684882,-0.6389799949,-0.6956465768,0,,,0,1.320533426,,0.02337752089,19,19456,9,45,6,54,176,230,0.0541979,0.0001798400001
n4_L2_high_s0,4,2,high,0.03,0.05,0.05,0,none,2,0.4000761735,0.37890625,0.1589131789,0.1953125,0.1953125,0.2047636735,-0.2047636735,0.5118117175,0.2047636735,,,-0.05672478022,-0.0458984375,0.01082634272,0.1942848354,0.134765625,0.6936497373,,,,,,,,0.9567802218,0.1895726083,,,0.03064815813,0.02864005907,1,1024,9,9,6,6,16,22,0.003707,0.0001781600004
n4_L2_high_s0,4,2,high,0.03,0.05,0.05,0,rem,2,0.4000761735,0.37890625,0.1589131789,0.2953090104,0.2953090104,0.1047671631,-0.1047671631,0.2618680392,0.2047636735,48.83508324,1.954464237,-0.05672478022,-0.06871435196,0.01198957174,0.1942848354,0.1537920856,0.7915804923,,,,,,,,0.9739347866,0.1481035279,0,1.629909237,,0.02864005907,17,17408,9,9,6,6,48,54,0.0630208,0.0001781600004
n4_L2_high_s0,4,2,high,0.03,0.05,0.05,0,rem_tensored,2,0.4000761735,0.37890625,0.1589131789,0.3244102404,0.3244102404,0.07566593313,-0.07566593313,0.1891288163,0.2047636735,63.04718907,2.706154078,-0.05672478022,-0.07309360643,0.01636882621,0.1942848354,0.1535031416,0.7900932738,,,,,,,,0.9738367464,0.1456929702,0,1.677243174,,0.02864005907,3,3072,9,9,6,6,20,26,0.009296599997,0.0001781600004
n4_L2_high_s0,4,2,high,0.03,0.05,0.05,0,zne,2,0.4000761735,0.37890625,0.1589131789,0.384765625,0.384765625,0.01531054849,-0.01531054849,0.03826908349,0.2047636735,92.52281998,13.374026,-0.05672478022,-0.04650878906,0.01021599116,0.1942848354,0.1643066406,0.8456997703,0.1953125,0.015625,0.1015625,0.384765625,0.1744791667,0.1105160383,0,,,,,0.07045338345,0.02864005907,3,3072,9,45,6,54,144,198,0.0138573,0.0001781600004
n4_L2_high_s0,4,2,high,0.03,0.05,0.05,0,zne_rem,2,0.4000761735,0.37890625,0.1589131789,0.5989020919,0.5989020919,0.1988259185,0.1988259185,0.4969701563,0.2047636735,2.899808803,1.02986409,-0.05672478022,-0.06891522772,0.0121904475,0.1942848354,0.1951606456,1.004507867,0.2953090104,0.009290113335,0.1514942377,0.5989020919,0.2598922,0.1231142658,0,,,0,1.629909237,,0.02864005907,19,19456,9,45,6,54,176,230,0.0731711,0.0001781600004
n4_L2_high_s1,4,2,high,0.03,0.05,0.05,1,none,4,-0.7027668458,-0.7265625,-0.2803782937,-0.263671875,-0.263671875,0.4390949708,0.4390949708,0.6248088871,0.4390949708,,,0.1256857999,0.02197265625,0.1037131436,0.565200465,0.337890625,0.5978243932,,,,,,,,0.8815318386,0.2898819523,,,0.03014413847,0.02223188256,1,1024,9,9,6,6,16,22,0.0037333,0.0002143199999
n4_L2_high_s1,4,2,high,0.03,0.05,0.05,1,rem,4,-0.7027668458,-0.7265625,-0.2803782937,-0.4076310303,-0.4076310303,0.2951358155,0.2951358155,0.4199626338,0.4390949708,32.78542568,1.48777257,0.1256857999,0.009971962297,0.1157138376,0.565200465,0.4025816382,0.7122811518,,,,,,,,0.9403978595,0.1975749642,0.005953340992,1.62930913,,0.02223188256,17,17408,9,9,6,6,48,54,0.0424594,0.0002143199999
n4_L2_high_s1,4,2,high,0.03,0.05,0.05,1,rem_tensored,4,-0.7027668458,-0.7265625,-0.2803782937,-0.421616836,-0.421616836,0.2811500097,0.2811500097,0.4000615729,0.4390949708,35.97056937,1.561781809,0.1256857999,0.007450572435,0.1182352274,0.565200465,0.4085794015,0.722892897,,,,,,,,0.9463676453,0.1928464598,0.007871349473,1.631285081,,0.02223188256,3,3072,9,9,6,6,20,26,0.0093996,0.0002143199999
n4_L2_high_s1,4,2,high,0.03,0.05,0.05,1,zne,4,-0.7027668458,-0.7265625,-0.2803782937,-0.4040527344,-0.4040527344,0.2987141114,0.2987141114,0.4250543593,0.4390949708,31.9705004,1.469950545,0.1256857999,0.04791259766,0.07777320222,0.565200465,0.4490966797,0.794579459,-0.263671875,-0.083984375,-0.0390625,-0.4040527344,-0.2973632813,-0.3990113736,0,,,,,0.06961878779,0.02223188256,3,3072,9,45,6,54,144,198,0.0142699,0.0002143199999
n4_L2_high_s1,4,2,high,0.03,0.05,0.05,1,zne_rem,4,-0.7027668458,-0.7265625,-0.2803782937,-0.6207511308,-0.6207511308,0.08201571495,0.08201571495,0.1167040185,0.4390949708,81.32164556,5.353790686,0.1256857999,0.03900164313,0.08668415674,0.565200465,0.5431554814,0.9609961686,-0.4076310303,-0.1333861221,-0.06180160452,-0.6207511308,-0.460311655,-0.6164669892,0,,,0.001984446997,1.62930913,,0.02223188256,19,19456,9,45,6,54,176,230,0.052996,0.0002143199999
n4_L2_high_s2,4,2,high,0.03,0.05,0.05,2,none,4,0.3214590822,0.314453125,0.1146906314,0.11328125,0.11328125,0.2081778322,-0.2081778322,0.6476028948,0.2081778322,,,-0.2625377103,-0.154296875,0.1082408353,0.4093305486,0.2451171875,0.5988245645,,,,,,,,0.8758136673,0.2492729868,,,0.03104884255,0.02959135844,1,1024,9,9,6,6,16,22,0.0037257,0.0001574400005
n4_L2_high_s2,4,2,high,0.03,0.05,0.05,2,rem,4,0.3214590822,0.314453125,0.1146906314,0.2144032684,0.2144032684,0.1070558138,-0.1070558138,0.3330309197,0.2081778322,48.57482536,1.944572881,-0.2625377103,-0.1904730803,0.07206463001,0.4093305486,0.3131518566,0.7650341703,,,,,,,,0.9406541326,0.164282136,0,1.661557068,,0.02959135844,17,17408,9,9,6,6,48,54,0.0419532,0.0001574400005
n4_L2_high_s2,4,2,high,0.03,0.05,0.05,2,rem_tensored,4,0.3214590822,0.314453125,0.1146906314,0.1957934021,0.1957934021,0.1256656801,-0.1256656801,0.3909227863,0.2081778322,39.6354171,1.65660053,-0.2625377103,-0.1856280051,0.0769097052,0.4093305486,0.3062818654,0.74825069,,,,,,,,0.9395736185,0.1627339408,0,1.671928291,,0.02959135844,3,3072,9,9,6,6,20,26,0.009262600001,0.0001574400005
n4_L2_high_s2,4,2,high,0.03,0.05,0.05,2,zne,4,0.3214590822,0.314453125,0.1146906314,0.1860351562,0.1860351562,0.1354239259,-0.1354239259,0.4212788919,0.2081778322,34.94796035,1.537230816,-0.2625377103,-0.2186279297,0.04390978061,0.4093305486,0.3273925781,0.7998244433,0.11328125,0.017578125,-0.01171875,0.1860351562,0.1334635417,,0,,,,,0.07107663348,0.02959135844,3,3072,9,45,6,54,144,198,0.0138548,0.0001574400005
n4_L2_high_s2,4,2,high,0.03,0.05,0.05,2,zne_rem,4,0.3214590822,0.314453125,0.1146906314,0.3478521714,0.3478521714,0.02639308925,0.02639308925,0.08210403971,0.2081778322,87.32185412,7.887588688,-0.2625377103,-0.2631304552,0.0005927449476,0.4093305486,0.4252186332,1.038814803,0.2144032684,0.04040615706,-0.009723361369,0.3478521714,0.249790327,,0,,,0,1.661557068,,0.02959135844,19,19456,9,45,6,54,176,230,0.0520823,0.0001574400005
n4_L2_high_s3,4,2,high,0.03,0.05,0.05,3,none,1,0.6424424493,0.6328125,0.2505233586,0.263671875,0.263671875,0.3787705743,-0.3787705743,0.5895789961,0.3787705743,,,0.02146839145,0.02978515625,0.0083167648,0.4014702796,0.2265625,0.5643319356,,,,,,,,0.8177035888,0.3067846666,,,0.03014413847,0.02394793546,1,1024,9,9,6,6,16,22,0.003734099999,0.0002167800005
n4_L2_high_s3,4,2,high,0.03,0.05,0.05,3,rem,1,0.6424424493,0.6328125,0.2505233586,0.4058799894,0.4058799894,0.2365624599,-0.2365624599,0.368223582,0.3787705743,37.54465738,1.601144046,0.02146839145,0.01679858565,0.004669805803,0.4014702796,0.2709571588,0.674912123,,,,,,,,0.8735354825,0.2484157022,0,1.622998743,,0.02394793546,17,17408,9,9,6,6,48,54,0.0434102,0.0002167800005
n4_L2_high_s3,4,2,high,0.03,0.05,0.05,3,rem_tensored,1,0.6424424493,0.6328125,0.2505233586,0.4214905374,0.4214905374,0.2209519119,-0.2209519119,0.3439248327,0.3787705743,41.66603034,1.714267014,0.02146839145,0.02353702708,0.002068635626,0.4014702796,0.2738355097,0.6820816475,,,,,,,,0.8828876385,0.2404486847,0,1.609256144,,0.02394793546,3,3072,9,9,6,6,20,26,0.0100077,0.0002167800005
n4_L2_high_s3,4,2,high,0.03,0.05,0.05,3,zne,1,0.6424424493,0.6328125,0.2505233586,0.3884277344,0.3884277344,0.2540147149,-0.2540147149,0.3953890581,0.3787705743,32.93705157,1.491136348,0.02146839145,0.02508544922,0.003617057768,0.4014702796,0.2850341797,0.7099757919,0.263671875,0.091796875,0.0234375,0.3884277344,0.3064778646,0.5085090912,0,,,,,0.0696046999,0.02394793546,3,3072,9,45,6,54,144,198,0.0140129,0.0002167800005
n4_L2_high_s3,4,2,high,0.03,0.05,0.05,3,zne_rem,1,0.6424424493,0.6328125,0.2505233586,0.6057416667,0.6057416667,0.03670078257,-0.03670078257,0.05712695762,0.3787705743,90.31055075,10.32050403,0.02146839145,0.01148332379,0.009985067658,0.4014702796,0.3465191125,0.8631251929,0.4058799894,0.1320386505,0.02603999949,0.6057416667,0.4728662055,0.8766254293,0,,,0,1.622998743,,0.02394793546,19,19456,9,45,6,54,176,230,0.053689,0.0002167800005
n4_L2_high_s4,4,2,high,0.03,0.05,0.05,4,none,1,-0.663607801,-0.642578125,-0.2652399317,-0.25,-0.25,0.413607801,0.413607801,0.623271457,0.413607801,,,-0.3002487911,-0.189453125,0.1107956661,0.323939863,0.1943359375,0.5999136251,,,,,,,,0.9140928144,0.253524224,,,0.03025768239,0.02337752089,1,1024,9,9,6,6,16,22,0.004174999998,0.0001873199995
n4_L2_high_s4,4,2,high,0.03,0.05,0.05,4,rem,1,-0.663607801,-0.642578125,-0.2652399317,-0.4230844808,-0.4230844808,0.2405233202,0.2405233202,0.3624479999,0.413607801,41.84748944,1.719616213,-0.3002487911,-0.2263890157,0.07385977539,0.323939863,0.240799839,0.743347351,,,,,,,,0.9599058836,0.1730669901,0,1.63557274,,0.02337752089,17,17408,9,9,6,6,48,54,0.0455481,0.0001873199995
n4_L2_high_s4,4,2,high,0.03,0.05,0.05,4,rem_tensored,1,-0.663607801,-0.642578125,-0.2652399317,-0.4246906756,-0.4246906756,0.2389171254,0.2389171254,0.3600276022,0.413607801,42.23582707,1.731176869,-0.3002487911,-0.2318034931,0.068445298,0.323939863,0.2378986792,0.7343914917,,,,,,,,0.9617943526,0.1721567417,0,1.670649028,,0.02337752089,3,3072,9,9,6,6,20,26,0.0102167,0.0001873199995
n4_L2_high_s4,4,2,high,0.03,0.05,0.05,4,zne,1,-0.663607801,-0.642578125,-0.2652399317,-0.3881835938,-0.3881835938,0.2754242072,0.2754242072,0.4150406412,0.413607801,33.40932967,1.501711869,-0.3002487911,-0.2546386719,0.04561011921,0.323939863,0.2490234375,0.7687335397,-0.25,-0.08203125,-0.05859375,-0.3881835938,-0.2737630208,-0.3156143542,0,,,,,0.06979340594,0.02337752089,3,3072,9,45,6,54,144,198,0.0152021,0.0001873199995
n4_L2_high_s4,4,2,high,0.03,0.05,0.05,4,zne_rem,1,-0.663607801,-0.642578125,-0.2652399317,-0.6545687085,-0.6545687085,0.009039092441,0.009039092441,0.0136211365,0.413607801,97.814574,45.75766911,-0.3002487911,-0.2993896006,0.0008591905041,0.323939863,0.3147036243,0.9714877984,-0.4230844808,-0.139541111,-0.09523118874,-0.6545687085,-0.4651755626,-0.5441334315,0,,,0,1.63557274,,0.02337752089,19,19456,9,45,6,54,176,230,0.0565752,0.0001873199995
n4_L4_ideal_s0,4,4,ideal,0,0,0,0,none,3,0.4083525799,0.455078125,0.4083525799,0.416015625,0.416015625,0.007663045119,0.007663045119,0.01876575659,0.007663045119,,,-0.03585194186,-0.03076171875,0.005090223109,0.1913221509,0.18359375,0.9596052998,,,,,,,,0.9981106865,0.03022471098,,,0.02841742079,0.02852575882,1,1024,17,17,12,12,32,44,0.002254899999,0.0001678799999
n4_L4_ideal_s0,4,4,ideal,0,0,0,0,rem,3,0.4083525799,0.455078125,0.4083525799,0.416015625,0.416015625,0.007663045119,0.007663045119,0.01876575659,0.007663045119,0,1,-0.03585194186,-0.03076171875,0.005090223109,0.1913221509,0.18359375,0.9596052998,,,,,,,,0.9981106865,0.03022471098,0,1,,0.02852575882,17,17408,17,17,12,12,64,76,0.0212373,0.0001678799999
n4_L4_ideal_s0,4,4,ideal,0,0,0,0,rem_tensored,3,0.4083525799,0.455078125,0.4083525799,0.416015625,0.416015625,0.007663045119,0.007663045119,0.01876575659,0.007663045119,0,1,-0.03585194186,-0.03076171875,0.005090223109,0.1913221509,0.18359375,0.9596052998,,,,,,,,0.9981106865,0.03022471098,0,1,,0.02852575882,3,3072,17,17,12,12,36,48,0.004910199998,0.0001678799999
n4_L4_ideal_s0,4,4,ideal,0,0,0,0,zne,3,0.4083525799,0.455078125,0.4083525799,0.4672851562,0.4672851562,0.05893257637,0.05893257637,0.1443178745,0.007663045119,-669.0490589,0.1300307163,-0.03585194186,-0.06396484375,0.02811290189,0.1913221509,0.1827392578,0.9551390518,0.416015625,0.369140625,0.396484375,0.4672851562,0.4085286458,0.4078544405,0,,,,,0.06536618842,0.02852575882,3,3072,17,85,12,108,288,396,0.0115111,0.0001678799999
n4_L4_ideal_s0,4,4,ideal,0,0,0,0,zne_rem,3,0.4083525799,0.455078125,0.4083525799,0.4672851562,0.4672851562,0.05893257637,0.05893257637,0.1443178745,0.007663045119,-669.0490589,0.1300307163,-0.03585194186,-0.06396484375,0.02811290189,0.1913221509,0.1827392578,0.9551390518,0.416015625,0.369140625,0.396484375,0.4672851562,0.4085286458,0.4078544405,0,,,0,1,,0.02852575882,19,19456,17,85,12,108,320,428,0.0304935,0.0001678799999
n4_L4_ideal_s1,4,4,ideal,0,0,0,1,none,2,-0.3294738747,-0.30859375,-0.3294738747,-0.33203125,-0.33203125,0.002557375327,-0.002557375327,0.007761997305,0.002557375327,,,-0.0888508955,-0.0966796875,0.007828791998,0.2671838686,0.267578125,1.001475599,,,,,,,,0.9965289912,0.03059951774,,,0.02947713708,0.02950514663,1,1024,17,17,12,12,32,44,0.002744100002,0.0001607600003
n4_L4_ideal_s1,4,4,ideal,0,0,0,1,rem,2,-0.3294738747,-0.30859375,-0.3294738747,-0.33203125,-0.33203125,0.002557375327,-0.002557375327,0.007761997305,0.002557375327,0,1,-0.0888508955,-0.0966796875,0.007828791998,0.2671838686,0.267578125,1.001475599,,,,,,,,0.9965289912,0.03059951774,0,1,,0.02950514663,17,17408,17,17,12,12,64,76,0.022486,0.0001607600003
n4_L4_ideal_s1,4,4,ideal,0,0,0,1,rem_tensored,2,-0.3294738747,-0.30859375,-0.3294738747,-0.33203125,-0.33203125,0.002557375327,-0.002557375327,0.007761997305,0.002557375327,0,1,-0.0888508955,-0.0966796875,0.007828791998,0.2671838686,0.267578125,1.001475599,,,,,,,,0.9965289912,0.03059951774,0,1,,0.02950514663,3,3072,17,17,12,12,36,48,0.005571500002,0.0001607600003
n4_L4_ideal_s1,4,4,ideal,0,0,0,1,zne,2,-0.3294738747,-0.30859375,-0.3294738747,-0.3356933594,-0.3356933594,0.006219484702,-0.006219484702,0.01887701933,0.002557375327,-143.197963,0.4111876546,-0.0888508955,-0.1017456055,0.01289470997,0.2671838686,0.267578125,1.001475599,-0.33203125,-0.33203125,-0.341796875,-0.3356933594,-0.3279622396,-0.3280450513,0,,,,,0.06733258205,0.02950514663,3,3072,17,85,12,108,288,396,0.0121375,0.0001607600003
n4_L4_ideal_s1,4,4,ideal,0,0,0,1,zne_rem,2,-0.3294738747,-0.30859375,-0.3294738747,-0.3356933594,-0.3356933594,0.006219484702,-0.006219484702,0.01887701933,0.002557375327,-143.197963,0.4111876546,-0.0888508955,-0.1017456055,0.01289470997,0.2671838686,0.267578125,1.001475599,-0.33203125,-0.33203125,-0.341796875,-0.3356933594,-0.3279622396,-0.3280450513,0,,,0,1,,0.02950514663,19,19456,17,85,12,108,320,428,0.0318794,0.0001607600003
n4_L4_ideal_s2,4,4,ideal,0,0,0,2,none,7,-0.3822274298,-0.349609375,-0.3822274298,-0.37109375,-0.37109375,0.01113367984,0.01113367984,0.02912841667,0.01113367984,,,-0.238120065,-0.232421875,0.005698189951,0.3093071036,0.3125,1.010322739,,,,,,,,0.9965027349,0.03878472378,,,0.02901860645,0.02887713385,1,1024,17,17,12,12,32,44,0.002156300001,0.00016646
n4_L4_ideal_s2,4,4,ideal,0,0,0,2,rem,7,-0.3822274298,-0.349609375,-0.3822274298,-0.37109375,-0.37109375,0.01113367984,0.01113367984,0.02912841667,0.01113367984,0,1,-0.238120065,-0.232421875,0.005698189951,0.3093071036,0.3125,1.010322739,,,,,,,,0.9965027349,0.03878472378,0,1,,0.02887713385,17,17408,17,17,12,12,64,76,0.0216206,0.00016646
n4_L4_ideal_s2,4,4,ideal,0,0,0,2,rem_tensored,7,-0.3822274298,-0.349609375,-0.3822274298,-0.37109375,-0.37109375,0.01113367984,0.01113367984,0.02912841667,0.01113367984,0,1,-0.238120065,-0.232421875,0.005698189951,0.3093071036,0.3125,1.010322739,,,,,,,,0.9965027349,0.03878472378,0,1,,0.02887713385,3,3072,17,17,12,12,36,48,0.004790800002,0.00016646
n4_L4_ideal_s2,4,4,ideal,0,0,0,2,zne,7,-0.3822274298,-0.349609375,-0.3822274298,-0.3857421875,-0.3857421875,0.003514757662,-0.003514757662,0.009195461623,0.01113367984,68.43130291,3.167694876,-0.238120065,-0.2436523438,0.005532278799,0.3093071036,0.3426513672,1.107803097,-0.37109375,-0.359375,-0.37109375,-0.3857421875,-0.3671875,-0.3671456447,0,,,,,0.06639024247,0.02887713385,3,3072,17,85,12,108,288,396,0.010807,0.00016646
n4_L4_ideal_s2,4,4,ideal,0,0,0,2,zne_rem,7,-0.3822274298,-0.349609375,-0.3822274298,-0.3857421875,-0.3857421875,0.003514757662,-0.003514757662,0.009195461623,0.01113367984,68.43130291,3.167694876,-0.238120065,-0.2436523438,0.005532278799,0.3093071036,0.3426513672,1.107803097,-0.37109375,-0.359375,-0.37109375,-0.3857421875,-0.3671875,-0.3671456447,0,,,0,1,,0.02887713385,19,19456,17,85,12,108,320,428,0.0302713,0.00016646
n4_L4_ideal_s3,4,4,ideal,0,0,0,3,none,2,0.5778065227,0.591796875,0.5778065227,0.591796875,0.591796875,0.01399035228,0.01399035228,0.02421286665,0.01399035228,,,-0.2732987174,-0.2622070312,0.01109168611,0.3121692916,0.3037109375,0.9729045927,,,,,,,,0.9968565139,0.03057272917,,,0.02519022277,0.0255054303,1,1024,17,17,12,12,32,44,0.0022918,0.0001566400002
n4_L4_ideal_s3,4,4,ideal,0,0,0,3,rem,2,0.5778065227,0.591796875,0.5778065227,0.591796875,0.591796875,0.01399035228,0.01399035228,0.02421286665,0.01399035228,0,1,-0.2732987174,-0.2622070312,0.01109168611,0.3121692916,0.3037109375,0.9729045927,,,,,,,,0.9968565139,0.03057272917,0,1,,0.0255054303,17,17408,17,17,12,12,64,76,0.0210948,0.0001566400002
n4_L4_ideal_s3,4,4,ideal,0,0,0,3,rem_tensored,2,0.5778065227,0.591796875,0.5778065227,0.591796875,0.591796875,0.01399035228,0.01399035228,0.02421286665,0.01399035228,0,1,-0.2732987174,-0.2622070312,0.01109168611,0.3121692916,0.3037109375,0.9729045927,,,,,,,,0.9968565139,0.03057272917,0,1,,0.0255054303,3,3072,17,17,12,12,36,48,0.004974700001,0.0001566400002
n4_L4_ideal_s3,4,4,ideal,0,0,0,3,zne,2,0.5778065227,0.591796875,0.5778065227,0.6125488281,0.6125488281,0.03474230541,0.03474230541,0.06012792179,0.01399035228,-148.3304545,0.402689232,-0.2732987174,-0.2407836914,0.03251502596,0.3121692916,0.3001708984,0.9615644668,0.591796875,0.56640625,0.5625,0.6125488281,0.5955403646,0.5956786244,0,,,,,0.05797465158,0.0255054303,3,3072,17,85,12,108,288,396,0.011398,0.0001566400002
n4_L4_ideal_s3,4,4,ideal,0,0,0,3,zne_rem,2,0.5778065227,0.591796875,0.5778065227,0.6125488281,0.6125488281,0.03474230541,0.03474230541,0.06012792179,0.01399035228,-148.3304545,0.402689232,-0.2732987174,-0.2407836914,0.03251502596,0.3121692916,0.3001708984,0.9615644668,0.591796875,0.56640625,0.5625,0.6125488281,0.5955403646,0.5956786244,0,,,0,1,,0.0255054303,19,19456,17,85,12,108,320,428,0.030201,0.0001566400002
n4_L4_ideal_s4,4,4,ideal,0,0,0,4,none,1,-0.3883805644,-0.396484375,-0.3883805644,-0.416015625,-0.416015625,0.02763506064,-0.02763506064,0.07115459211,0.02763506064,,,-0.1880767813,-0.1791992188,0.008877562501,0.1860091958,0.16796875,0.9030131509,,,,,,,,0.9954146837,0.040885042,,,0.02841742079,0.02879684596,1,1024,17,17,12,12,32,44,0.0022685,0.00017056
n4_L4_ideal_s4,4,4,ideal,0,0,0,4,rem,1,-0.3883805644,-0.396484375,-0.3883805644,-0.416015625,-0.416015625,0.02763506064,-0.02763506064,0.07115459211,0.02763506064,0,1,-0.1880767813,-0.1791992188,0.008877562501,0.1860091958,0.16796875,0.9030131509,,,,,,,,0.9954146837,0.040885042,0,1,,0.02879684596,17,17408,17,17,12,12,64,76,0.021388,0.00017056
n4_L4_ideal_s4,4,4,ideal,0,0,0,4,rem_tensored,1,-0.3883805644,-0.396484375,-0.3883805644,-0.416015625,-0.416015625,0.02763506064,-0.02763506064,0.07115459211,0.02763506064,0,1,-0.1880767813,-0.1791992188,0.008877562501,0.1860091958,0.16796875,0.9030131509,,,,,,,,0.9954146837,0.040885042,0,1,,0.02879684596,3,3072,17,17,12,12,36,48,0.004964099997,0.00017056
n4_L4_ideal_s4,4,4,ideal,0,0,0,4,zne,1,-0.3883805644,-0.396484375,-0.3883805644,-0.494140625,-0.494140625,0.1057600606,-0.1057600606,0.2723103841,0.02763506064,-282.7024736,0.2612995915,-0.1880767813,-0.1895751953,0.001498414062,0.1860091958,0.1569824219,0.8439497908,-0.416015625,-0.341796875,-0.376953125,-0.494140625,-0.4075520833,-0.4059804122,0,,,,,0.06560850351,0.02879684596,3,3072,17,85,12,108,288,396,0.0112282,0.00017056
n4_L4_ideal_s4,4,4,ideal,0,0,0,4,zne_rem,1,-0.3883805644,-0.396484375,-0.3883805644,-0.494140625,-0.494140625,0.1057600606,-0.1057600606,0.2723103841,0.02763506064,-282.7024736,0.2612995915,-0.1880767813,-0.1895751953,0.001498414062,0.1860091958,0.1569824219,0.8439497908,-0.416015625,-0.341796875,-0.376953125,-0.494140625,-0.4075520833,-0.4059804122,0,,,0,1,,0.02879684596,19,19456,17,85,12,108,320,428,0.0303477,0.00017056
n4_L4_low_s0,4,4,low,0.001,0.005,0.01,0,none,3,0.4083525799,0.455078125,0.3471473028,0.353515625,0.353515625,0.05483695488,-0.05483695488,0.1342882538,0.05483695488,,,-0.03585194186,-0.03759765625,0.001745714391,0.1913221509,0.169921875,0.8881453307,,,,,,,,0.99301981,0.05929516171,,,0.02923214437,0.02852575882,1,1024,17,17,12,12,32,44,0.004352100001,0.0001872000001
n4_L4_low_s0,4,4,low,0.001,0.005,0.01,0,rem,3,0.4083525799,0.455078125,0.3471473028,0.3874440088,0.3874440088,0.02090857107,-0.02090857107,0.05120225046,0.05483695488,61.87138561,2.622702178,-0.03585194186,-0.03968889256,0.003836950701,0.1913221509,0.176628935,0.9232017,,,,,,,,0.9950444721,0.05321589771,0,1.090972761,,0.02852575882,17,17408,17,17,12,12,64,76,0.042575,0.0001872000001
n4_L4_low_s0,4,4,low,0.001,0.005,0.01,0,rem_tensored,3,0.4083525799,0.455078125,0.3471473028,0.3853744094,0.3853744094,0.02297817045,-0.02297817045,0.05627041821,0.05483695488,58.09728951,2.386480465,-0.03585194186,-0.0394170311,0.003565089237,0.1913221509,0.1749178788,0.9142583748,,,,,,,,0.9947185743,0.055869676,0,1.091031527,,0.02852575882,3,3072,17,17,12,12,36,48,0.0100061,0.0001872000001
n4_L4_low_s0,4,4,low,0.001,0.005,0.01,0,zne,3,0.4083525799,0.455078125,0.3471473028,0.4399414062,0.4399414062,0.03158882637,0.03158882637,0.07735674494,0.05483695488,42.39500272,1.735960502,-0.03585194186,-0.03344726562,0.002404676234,0.1913221509,0.15625,0.8166853616,0.353515625,0.236328125,0.193359375,0.4399414062,0.3811848958,0.3974620067,0,,,,,0.06765365848,0.02852575882,3,3072,17,85,12,108,288,396,0.0188342,0.0001872000001
n4_L4_low_s0,4,4,low,0.001,0.005,0.01,0,zne_rem,3,0.4083525799,0.455078125,0.3471473028,0.4810641997,0.4810641997,0.07271161982,0.07271161982,0.1780608802,0.05483695488,-32.5960203,0.7541704478,-0.03585194186,-0.03547091659,0.0003810252679,0.1913221509,0.1625221395,0.8494684944,0.3874440088,0.2606131904,0.2143284564,0.4810641997,0.4172985495,0.4344520938,0,,,0,1.090972761,,0.02852575882,19,19456,17,85,12,108,320,428,0.0570571,0.0001872000001
n4_L4_low_s1,4,4,low,0.001,0.005,0.01,1,none,2,-0.3294738747,-0.30859375,-0.2793231312,-0.298828125,-0.298828125,0.03064574967,0.03064574967,0.09301420243,0.03064574967,,,-0.0888508955,-0.06787109375,0.02097980175,0.2671838686,0.244140625,0.913755109,,,,,,,,0.994805019,0.04997552882,,,0.02982209214,0.02950514663,1,1024,17,17,12,12,32,44,0.004296499999,0.00021098
n4_L4_low_s1,4,4,low,0.001,0.005,0.01,1,rem,2,-0.3294738747,-0.30859375,-0.2793231312,-0.3214772086,-0.3214772086,0.007996666073,0.007996666073,0.02427101718,0.03064574967,73.90611697,3.832315792,-0.0888508955,-0.07011651678,0.01873437872,0.2671838686,0.2510170863,0.9394919223,,,,,,,,0.9969427271,0.03854209863,0,1.087136352,,0.02950514663,17,17408,17,17,12,12,64,76,0.0431182,0.00021098
n4_L4_low_s1,4,4,low,0.001,0.005,0.01,1,rem_tensored,2,-0.3294738747,-0.30859375,-0.2793231312,-0.3275254484,-0.3275254484,0.001948426295,0.001948426295,0.005913750512,0.03064574967,93.64209942,15.72846237,-0.0888508955,-0.07367166684,0.01517922867,0.2671838686,0.2546986296,0.953270985,,,,,,,,0.9964802279,0.03772127806,0,1.088310931,,0.02950514663,3,3072,17,17,12,12,36,48,0.009944599999,0.00021098
n4_L4_low_s1,4,4,low,0.001,0.005,0.01,1,zne,2,-0.3294738747,-0.30859375,-0.2793231312,-0.3979492188,-0.3979492188,0.06847534408,-0.06847534408,0.2078323938,0.03064574967,-123.4415696,0.4475442962,-0.0888508955,-0.07824707031,0.01060382519,0.2671838686,0.248046875,0.9283751908,-0.298828125,-0.19140625,-0.205078125,-0.3979492188,-0.3020833333,-0.3013414727,0,,,,,0.0687617339,0.02950514663,3,3072,17,85,12,108,288,396,0.0184855,0.00021098
n4_L4_low_s1,4,4,low,0.001,0.005,0.01,1,zne_rem,2,-0.3294738747,-0.30859375,-0.2793231312,-0.4292795744,-0.4292795744,0.0998056997,-0.0998056997,0.3029244725,0.03064574967,-225.675504,0.3070541038,-0.0888508955,-0.08089716552,0.007953729981,0.2671838686,0.2551383193,0.9549166295,-0.3214772086,-0.2055045433,-0.2223746331,-0.4292795744,-0.3241123933,-0.3228997151,0,,,0,1.087136352,,0.02950514663,19,19456,17,85,12,108,320,428,0.0573072,0.00021098
n4_L4_low_s2,4,4,low,0.001,0.005,0.01,2,none,7,-0.3822274298,-0.349609375,-0.3276238843,-0.294921875,-0.294921875,0.08730555484,0.08730555484,0.2284125838,0.08730555484,,,-0.238120065,-0.2182617188,0.0198583462,0.3093071036,0.26953125,0.8714033621,,,,,,,,0.9868515491,0.08578924754,,,0.0298600428,0.02887713385,1,1024,17,17,12,12,32,44,0.004223700002,0.0002085
n4_L4_low_s2,4,4,low,0.001,0.005,0.01,2,rem,7,-0.3822274298,-0.349609375,-0.3276238843,-0.3277088427,-0.3277088427,0.05451858718,0.05451858718,0.1426338952,0.08730555484,37.55427443,1.601390633,-0.238120065,-0.2225366359,0.01558342906,0.3093071036,0.2800484751,0.9054058955,,,,,,,,0.9886005897,0.07397616515,0,1.092451954,,0.02887713385,17,17408,17,17,12,12,64,76,0.0464422,0.0002085
n4_L4_low_s2,4,4,low,0.001,0.005,0.01,2,rem_tensored,7,-0.3822274298,-0.349609375,-0.3276238843,-0.3204471111,-0.3204471111,0.06178031875,0.06178031875,0.1616323527,0.08730555484,29.23666901,1.413161288,-0.238120065,-0.2262324886,0.01188757635,0.3093071036,0.2801635082,0.9057778014,,,,,,,,0.9886629242,0.07321185575,0,1.087196941,,0.02887713385,3,3072,17,17,12,12,36,48,0.009740100002,0.0002085
n4_L4_low_s2,4,4,low,0.001,0.005,0.01,2,zne,7,-0.3822274298,-0.349609375,-0.3276238843,-0.2512207031,-0.2512207031,0.1310067267,0.1310067267,0.3427454873,0.08730555484,-50.05543113,0.6664203971,-0.238120065,-0.2291870117,0.008933053232,0.3093071036,0.2731933594,0.8832430817,-0.294921875,-0.310546875,-0.23046875,-0.2512207031,-0.3269856771,-0.332508897,0,,,,,0.06814226303,0.02887713385,3,3072,17,85,12,108,288,396,0.0184918,0.0002085
n4_L4_low_s2,4,4,low,0.001,0.005,0.01,2,zne_rem,7,-0.3822274298,-0.349609375,-0.3276238843,-0.2793097053,-0.2793097053,0.1029177246,0.1029177246,0.2692578201,0.08730555484,-17.88221809,0.8483043637,-0.238120065,-0.2339780728,0.004141992129,0.3093071036,0.2838021451,0.9175416337,-0.3277088427,-0.3454797516,-0.2578808396,-0.2793097053,-0.3627274803,-0.3685488766,0,,,0,1.092451954,,0.02887713385,19,19456,17,85,12,108,320,428,0.06071030001,0.0002085
n4_L4_low_s3,4,4,low,0.001,0.005,0.01,3,none,2,0.5778065227,0.591796875,0.4953840566,0.484375,0.484375,0.09343152272,-0.09343152272,0.16170036,0.09343152272,,,-0.2732987174,-0.2421875,0.03111121736,0.3121692916,0.2841796875,0.910338381,,,,,,,,0.9914890315,0.06874942631,,,0.02733939,0.0255054303,1,1024,17,17,12,12,32,44,0.004612000001,0.0002114800001
n4_L4_low_s3,4,4,low,0.001,0.005,0.01,3,rem,2,0.5778065227,0.591796875,0.4953840566,0.5280758619,0.5280758619,0.04973066081,-0.04973066081,0.0860680156,0.09343152272,46.77314533,1.878750879,-0.2732987174,-0.2478596869,0.02543903046,0.3121692916,0.2939143579,0.9415223273,,,,,,,,0.9944823064,0.04916424835,0,1.090930729,,0.0255054303,17,17408,17,17,12,12,64,76,0.0432118,0.0002114800001
n4_L4_low_s3,4,4,low,0.001,0.005,0.01,3,rem_tensored,2,0.5778065227,0.591796875,0.4953840566,0.526516153,0.526516153,0.05129036973,-0.05129036973,0.08876737751,0.09343152272,45.10378485,1.821619209,-0.2732987174,-0.2469868411,0.02631187631,0.3121692916,0.2939534091,0.9416474233,,,,,,,,0.9941955951,0.0503439623,0,1.085745657,,0.0255054303,3,3072,17,17,12,12,36,48,0.0100912,0.0002114800001
n4_L4_low_s3,4,4,low,0.001,0.005,0.01,3,zne,2,0.5778065227,0.591796875,0.4953840566,0.5112304688,0.5112304688,0.06657605397,-0.06657605397,0.1152220533,0.09343152272,28.74347754,1.403380302,-0.2732987174,-0.2375488281,0.03574988924,0.3121692916,0.2866210938,0.9181591574,0.484375,0.427734375,0.3671875,0.5112304688,0.5143229167,0.5215568188,0,,,,,0.06319216142,0.0255054303,3,3072,17,85,12,108,288,396,0.0187351,0.0002114800001
n4_L4_low_s3,4,4,low,0.001,0.005,0.01,3,zne_rem,2,0.5778065227,0.591796875,0.4953840566,0.5571672775,0.5571672775,0.02063924526,-0.02063924526,0.03571999354,0.09343152272,77.90976251,4.526886596,-0.2732987174,-0.2431869392,0.0301117782,0.3121692916,0.2965712058,0.9500332473,0.5280758619,0.4663594463,0.3999315846,0.5571672775,0.5608971722,0.568853663,0,,,0,1.090930729,,0.0255054303,19,19456,17,85,12,108,320,428,0.0573349,0.0002114800001
n4_L4_low_s4,4,4,low,0.001,0.005,0.01,4,none,1,-0.3883805644,-0.396484375,-0.3311291634,-0.298828125,-0.298828125,0.08955243936,0.08955243936,0.2305790958,0.08955243936,,,-0.1880767813,-0.1616210938,0.0264556875,0.1860091958,0.1591796875,0.8557624628,,,,,,,,0.9910966032,0.07503359615,,,0.02982209214,0.02879684596,1,1024,17,17,12,12,32,44,0.004269600002,0.0001864999998
n4_L4_low_s4,4,4,low,0.001,0.005,0.01,4,rem,1,-0.3883805644,-0.396484375,-0.3311291634,-0.3213937437,-0.3213937437,0.06698682068,0.06698682068,0.1724772731,0.08955243936,25.19821776,1.336866542,-0.1880767813,-0.1659744373,0.022102344,0.1860091958,0.1635116614,0.8790514937,,,,,,,,0.9935844896,0.06682223854,0,1.093262666,,0.02879684596,17,17408,17,17,12,12,64,76,0.0430518,0.0001864999998
n4_L4_low_s4,4,4,low,0.001,0.005,0.01,4,rem_tensored,1,-0.3883805644,-0.396484375,-0.3311291634,-0.3247170966,-0.3247170966,0.06366346775,0.06366346775,0.1639203235,0.08955243936,28.90928689,1.406653494,-0.1880767813,-0.1676952314,0.02038154983,0.1860091958,0.1641874898,0.8826847999,,,,,,,,0.9937439364,0.06579301717,0,1.085737484,,0.02879684596,3,3072,17,17,12,12,36,48,0.0104689,0.0001864999998
n4_L4_low_s4,4,4,low,0.001,0.005,0.01,4,zne,1,-0.3883805644,-0.396484375,-0.3311291634,-0.2668457031,-0.2668457031,0.1215348612,0.1215348612,0.3129272481,0.08955243936,-35.71362445,0.7368456955,-0.1880767813,-0.1376342773,0.05044250391,0.1860091958,0.1491699219,0.8019491791,-0.298828125,-0.302734375,-0.2265625,-0.2668457031,-0.3302408854,-0.3368207405,0,,,,,0.06813927836,0.02879684596,3,3072,17,85,12,108,288,396,0.0184561,0.0001864999998
n4_L4_low_s4,4,4,low,0.001,0.005,0.01,4,zne_rem,1,-0.3883805644,-0.396484375,-0.3311291634,-0.2865884115,-0.2865884115,0.1017921528,0.1017921528,0.2620938383,0.08955243936,-13.66764943,0.8797577895,-0.1880767813,-0.1415617289,0.04651505236,0.1860091958,0.1531414141,0.8233002323,-0.3213937437,-0.3257337609,-0.2430462489,-0.2865884115,-0.3554852056,-0.3626945893,0,,,0,1.093262666,,0.02879684596,19,19456,17,85,12,108,320,428,0.0572383,0.0001864999998
n4_L4_moderate_s0,4,4,moderate,0.01,0.02,0.03,0,none,3,0.4083525799,0.455078125,0.2007266324,0.197265625,0.197265625,0.2110869549,-0.2110869549,0.5169232797,0.2110869549,,,-0.03585194186,-0.01220703125,0.02364491061,0.1913221509,0.16015625,0.8371024956,,,,,,,,0.9609065311,0.1424872991,,,0.0306359399,0.02852575882,1,1024,17,17,12,12,32,44,0.0046392,0.0001929599995
n4_L4_moderate_s0,4,4,moderate,0.01,0.02,0.03,0,rem,3,0.4083525799,0.455078125,0.2007266324,0.2497495841,0.2497495841,0.1586029958,-0.1586029958,0.388397193,0.2110869549,24.86366773,1.330914046,-0.03585194186,-0.0193655406,0.01648640125,0.1913221509,0.1716718059,0.8972918456,,,,,,,,0.969216734,0.1209705434,0,1.310722015,,0.02852575882,17,17408,17,17,12,12,64,76,0.0472562,0.0001929599995
n4_L4_moderate_s0,4,4,moderate,0.01,0.02,0.03,0,rem_tensored,3,0.4083525799,0.455078125,0.2007266324,0.2602954237,0.2602954237,0.1480571562,-0.1480571562,0.3625718643,0.2110869549,29.8596371,1.425712612,-0.03585194186,-0.01958375252,0.01626818934,0.1913221509,0.1752719321,0.916108936,,,,,,,,0.9697052581,0.1171381872,0,1.315889196,,0.02852575882,3,3072,17,17,12,12,36,48,0.0108722,0.0001929599995
n4_L4_moderate_s0,4,4,moderate,0.01,0.02,0.03,0,zne,3,0.4083525799,0.455078125,0.2007266324,0.2556152344,0.2556152344,0.1527373455,-0.1527373455,0.3740330122,0.2110869549,27.64245162,1.382025818,-0.03585194186,-0.004577636719,0.03127430514,0.1913221509,0.193359375,1.010648135,0.197265625,0.087890625,-0.01171875,0.2556152344,0.2478841146,,0,,,,,0.07036355561,0.02852575882,3,3072,17,85,12,108,288,396,0.019569,0.0001929599995
n4_L4_moderate_s0,4,4,moderate,0.01,0.02,0.03,0,zne_rem,3,0.4083525799,0.455078125,0.2007266324,0.3247909042,0.3247909042,0.08356167564,-0.08356167564,0.2046311931,0.2110869549,60.41362401,2.526121613,-0.03585194186,-0.01144001202,0.02441192984,0.1913221509,0.2085269434,1.089925774,0.2497495841,0.1088928418,-0.01966270306,0.3247909042,0.3150524563,,0,,,0,1.310722015,,0.02852575882,19,19456,17,85,12,108,320,428,0.062186,0.0001929599995
n4_L4_moderate_s1,4,4,moderate,0.01,0.02,0.03,1,none,2,-0.3294738747,-0.30859375,-0.160491458,-0.14453125,-0.14453125,0.1849426247,0.1849426247,0.5613271306,0.1849426247,,,-0.0888508955,-0.056640625,0.0322102705,0.2671838686,0.1845703125,0.6907988624,,,,,,,,0.9496151476,0.1509485334,,,0.03092188239,0.02950514663,1,1024,17,17,12,12,32,44,0.004242199997,0.0001740799999
n4_L4_moderate_s1,4,4,moderate,0.01,0.02,0.03,1,rem,2,-0.3294738747,-0.30859375,-0.160491458,-0.1970439637,-0.1970439637,0.1324299109,0.1324299109,0.4019435868,0.1849426247,28.39405672,1.396532123,-0.0888508955,-0.06697071154,0.02188018396,0.2671838686,0.2075162816,0.7766796801,,,,,,,,0.9666146622,0.1120177809,0,1.326323371,,0.02950514663,17,17408,17,17,12,12,64,76,0.0423148,0.0001740799999
n4_L4_moderate_s1,4,4,moderate,0.01,0.02,0.03,1,rem_tensored,2,-0.3294738747,-0.30859375,-0.160491458,-0.1907884033,-0.1907884033,0.1386854713,0.1386854713,0.4209301009,0.1849426247,25.0116237,1.333540009,-0.0888508955,-0.06792922728,0.02092166822,0.2671838686,0.2049448883,0.7670556213,,,,,,,,0.9655352231,0.116103428,0,1.30504292,,0.02950514663,3,3072,17,17,12,12,36,48,0.009761099995,0.0001740799999
n4_L4_moderate_s1,4,4,moderate,0.01,0.02,0.03,1,zne,2,-0.3294738747,-0.30859375,-0.160491458,-0.2224121094,-0.2224121094,0.1070617653,0.1070617653,0.3249476621,0.1849426247,42.11082194,1.727438588,-0.0888508955,-0.06695556641,0.0218953291,0.2671838686,0.2205810547,0.825577741,-0.14453125,-0.048828125,-0.033203125,-0.2224121094,-0.1590169271,-0.1857907214,0,,,,,0.0708585105,0.02950514663,3,3072,17,85,12,108,288,396,0.0186579,0.0001740799999
n4_L4_moderate_s1,4,4,moderate,0.01,0.02,0.03,1,zne_rem,2,-0.3294738747,-0.30859375,-0.160491458,-0.3014934735,-0.3014934735,0.02798040119,0.02798040119,0.08492449127,0.1849426247,84.87076668,6.609720261,-0.0888508955,-0.07794677482,0.01090412068,0.2671838686,0.2523437218,0.944457175,-0.1970439637,-0.06838152054,-0.04670117902,-0.3014934735,-0.2167993096,-0.2522723845,0,,,0,1.326323371,,0.02950514663,19,19456,17,85,12,108,320,428,0.0567305,0.0001740799999
n4_L4_moderate_s2,4,4,moderate,0.01,0.02,0.03,2,none,7,-0.3822274298,-0.349609375,-0.1977126599,-0.19140625,-0.19140625,0.1908211798,0.1908211798,0.499234657,0.1908211798,,,-0.238120065,-0.1943359375,0.04378412745,0.3093071036,0.20703125,0.6693388144,,,,,,,,0.9606121134,0.1452738362,,,0.03067221564,0.02887713385,1,1024,17,17,12,12,32,44,0.004163400001,0.0001902199998
n4_L4_moderate_s2,4,4,moderate,0.01,0.02,0.03,2,rem,7,-0.3822274298,-0.349609375,-0.1977126599,-0.2581895452,-0.2581895452,0.1240378847,0.1240378847,0.3245133002,0.1908211798,34.99784207,1.538410465,-0.238120065,-0.2117039564,0.02641610852,0.3093071036,0.2300821567,0.7438631511,,,,,,,,0.9750638525,0.1126235323,0,1.31329107,,0.02887713385,17,17408,17,17,12,12,64,76,0.0428385,0.0001902199998
n4_L4_moderate_s2,4,4,moderate,0.01,0.02,0.03,2,rem_tensored,7,-0.3822274298,-0.349609375,-0.1977126599,-0.2549103186,-0.2549103186,0.1273171112,0.1273171112,0.3330925551,0.1908211798,33.27936064,1.498786597,-0.238120065,-0.2134022233,0.02471784163,0.3093071036,0.2317950398,0.7494009583,,,,,,,,0.975693682,0.1131856609,0,1.301976925,,0.02887713385,3,3072,17,17,12,12,36,48,0.009698399997,0.0001902199998
n4_L4_moderate_s2,4,4,moderate,0.01,0.02,0.03,2,zne,7,-0.3822274298,-0.349609375,-0.1977126599,-0.2565917969,-0.2565917969,0.125635633,0.125635633,0.3286933986,0.1908211798,34.16054074,1.51884601,-0.238120065,-0.2133178711,0.02480219386,0.3093071036,0.2370605469,0.7664245151,-0.19140625,-0.0859375,-0.013671875,-0.2565917969,-0.2303059896,-0.4401340788,0,,,,,0.07042272318,0.02887713385,3,3072,17,85,12,108,288,396,0.0181288,0.0001902199998
n4_L4_moderate_s2,4,4,moderate,0.01,0.02,0.03,2,zne_rem,7,-0.3822274298,-0.349609375,-0.1977126599,-0.3443902902,-0.3443902902,0.03783713965,0.03783713965,0.09899116781,0.1908211798,80.1714151,5.04322424,-0.238120065,-0.2316772377,0.006442827272,0.3093071036,0.26587716,0.8595895694,-0.2581895452,-0.1189929184,-0.02406944256,-0.3443902902,-0.3093407123,-0.5359978719,0,,,0,1.31329107,,0.02887713385,19,19456,17,85,12,108,320,428,0.0568039,0.0001902199998
n4_L4_moderate_s3,4,4,moderate,0.01,0.02,0.03,3,none,2,0.5778065227,0.591796875,0.30119857,0.302734375,0.302734375,0.2750721477,-0.2750721477,0.476062725,0.2750721477,,,-0.2732987174,-0.2182617188,0.05503699861,0.3121692916,0.24609375,0.7883342681,,,,,,,,0.9463035083,0.1967665634,,,0.02978359281,0.0255054303,1,1024,17,17,12,12,32,44,0.005015900002,0.0002071399998
n4_L4_moderate_s3,4,4,moderate,0.01,0.02,0.03,3,rem,2,0.5778065227,0.591796875,0.30119857,0.3921218228,0.3921218228,0.1856846999,-0.1856846999,0.3213613772,0.2750721477,32.49600097,1.481393717,-0.2732987174,-0.2369414069,0.03635731048,0.3121692916,0.2714621349,0.8695990996,,,,,,,,0.9643126176,0.146304936,0,1.315073912,,0.0255054303,17,17408,17,17,12,12,64,76,0.0435611,0.0002071399998
n4_L4_moderate_s3,4,4,moderate,0.01,0.02,0.03,3,rem_tensored,2,0.5778065227,0.591796875,0.30119857,0.3999599688,0.3999599688,0.1778465539,-0.1778465539,0.3077960302,0.2750721477,35.3454883,1.546682472,-0.2732987174,-0.2433548539,0.02994386346,0.3121692916,0.2802545171,0.8977645291,,,,,,,,0.9664619109,0.1410966791,0,1.295856891,,0.0255054303,3,3072,17,17,12,12,36,48,0.0104738,0.0002071399998
n4_L4_moderate_s3,4,4,moderate,0.01,0.02,0.03,3,zne,2,0.5778065227,0.591796875,0.30119857,0.4802246094,0.4802246094,0.09758191334,-0.09758191334,0.168883371,0.2750721477,64.52497494,2.818884548,-0.2732987174,-0.2998657227,0.02656700529,0.3121692916,0.3133544922,1.00379666,0.302734375,0.08984375,0.06640625,0.4802246094,0.3302408854,0.3799494095,0,,,,,0.06905696508,0.0255054303,3,3072,17,85,12,108,288,396,0.0194642,0.0002071399998
n4_L4_moderate_s3,4,4,moderate,0.01,0.02,0.03,3,zne_rem,2,0.5778065227,0.591796875,0.30119857,0.6231311666,0.6231311666,0.04532464385,0.04532464385,0.07844259639,0.2750721477,83.52263425,6.068931256,-0.2732987174,-0.3227057583,0.04940704099,0.3121692916,0.3485680886,1.116599544,0.3921218228,0.1138874347,0.08069877922,0.6231311666,0.4291366283,0.5017685828,0,,,0,1.315073912,,0.0255054303,19,19456,17,85,12,108,320,428,0.0580094,0.0002071399998
n4_L4_moderate_s4,4,4,moderate,0.01,0.02,0.03,4,none,1,-0.3883805644,-0.396484375,-0.196056885,-0.205078125,-0.205078125,0.1833024394,0.1833024394,0.4719660461,0.1833024394,,,-0.1880767813,-0.1264648438,0.0616119375,0.1860091958,0.1455078125,0.7822613924,,,,,,,,0.9446574227,0.1532110371,,,0.03058580021,0.02879684596,1,1024,17,17,12,12,32,44,0.004356900001,0.0002053199998
n4_L4_moderate_s4,4,4,moderate,0.01,0.02,0.03,4,rem,1,-0.3883805644,-0.396484375,-0.196056885,-0.2711302519,-0.2711302519,0.1172503124,0.1172503124,0.301895417,0.1833024394,36.03450514,1.563342865,-0.1880767813,-0.1419390524,0.04613772881,0.1860091958,0.1620341091,0.8711080568,,,,,,,,0.962573313,0.1148646595,0,1.313880015,,0.02879684596,17,17408,17,17,12,12,64,76,0.0431379,0.0002053199998
n4_L4_moderate_s4,4,4,moderate,0.01,0.02,0.03,4,rem_tensored,1,-0.3883805644,-0.396484375,-0.196056885,-0.2670486989,-0.2670486989,0.1213318655,0.1213318655,0.3124045758,0.1833024394,33.80782826,1.510752667,-0.1880767813,-0.1406931366,0.04738364463,0.1860091958,0.1593759483,0.8568175762,,,,,,,,0.9604899328,0.1171821928,0,1.29910957,,0.02879684596,3,3072,17,17,12,12,36,48,0.009968500002,0.0002053199998
n4_L4_moderate_s4,4,4,moderate,0.01,0.02,0.03,4,zne,1,-0.3883805644,-0.396484375,-0.196056885,-0.3374023438,-0.3374023438,0.05097822061,0.05097822061,0.1312584235,0.1833024394,72.18901135,3.595701011,-0.1880767813,-0.1593017578,0.02877502344,0.1860091958,0.1618652344,0.8702001731,-0.205078125,-0.048828125,-0.037109375,-0.3374023438,-0.2229817708,-0.259130052,0,,,,,0.07034356454,0.02879684596,3,3072,17,85,12,108,288,396,0.0188033,0.0002053199998
n4_L4_moderate_s4,4,4,moderate,0.01,0.02,0.03,4,zne_rem,1,-0.3883805644,-0.396484375,-0.196056885,-0.446371154,-0.446371154,0.05799058963,-0.05799058963,0.1493138302,0.1833024394,68.36343813,3.160899734,-0.1880767813,-0.1769223648,0.01115441641,0.1860091958,0.1832863772,0.9853619141,-0.2711302519,-0.06437645027,-0.04925998524,-0.446371154,-0.2946582625,-0.3417007003,0,,,0,1.313880015,,0.02879684596,19,19456,17,85,12,108,320,428,0.0575843,0.0002053199998
n4_L4_high_s0,4,4,high,0.03,0.05,0.05,0,none,3,0.4083525799,0.455078125,0.07389309846,0.115234375,0.115234375,0.2931182049,-0.2931182049,0.7178066684,0.2931182049,,,-0.03585194186,-0.03662109375,0.000769151891,0.1913221509,0.1044921875,0.5461583355,,,,,,,,0.9067633265,0.2448841189,,,0.03104182283,0.02852575882,1,1024,17,17,12,12,32,44,0.004978099998,0.0002161200006
n4_L4_high_s0,4,4,high,0.03,0.05,0.05,0,rem,3,0.4083525799,0.455078125,0.07389309846,0.173868486,0.173868486,0.2344840939,-0.2344840939,0.5742196951,0.2931182049,20.00357193,1.250055814,-0.03585194186,-0.05389518348,0.01804324162,0.1913221509,0.115347471,0.6028965827,,,,,,,,0.9244326777,0.2226329118,0,1.628311134,,0.02852575882,17,17408,17,17,12,12,64,76,0.0532175,0.0002161200006
n4_L4_high_s0,4,4,high,0.03,0.05,0.05,0,rem_tensored,3,0.4083525799,0.455078125,0.07389309846,0.1871991176,0.1871991176,0.2211534622,-0.2211534622,0.5415747889,0.2931182049,24.55144083,1.325406358,-0.03585194186,-0.05973918746,0.0238872456,0.1913221509,0.1160270538,0.6064486166,,,,,,,,0.9247212284,0.2189406848,0,1.62152793,,0.02852575882,3,3072,17,17,12,12,36,48,0.0109383,0.0002161200006
n4_L4_high_s0,4,4,high,0.03,0.05,0.05,0,zne,3,0.4083525799,0.455078125,0.07389309846,0.1411132812,0.1411132812,0.2672392986,-0.2672392986,0.6544327422,0.2931182049,8.8288294,1.096837952,-0.03585194186,-0.01147460938,0.02437733248,0.1913221509,0.1147460938,0.5997533124,0.115234375,0.06640625,0.021484375,0.1411132812,0.1380208333,0.1930778282,0,,,,,0.07102150138,0.02852575882,3,3072,17,85,12,108,288,396,0.0235088,0.0002161200006
n4_L4_high_s0,4,4,high,0.03,0.05,0.05,0,zne_rem,3,0.4083525799,0.455078125,0.07389309846,0.2158475508,0.2158475508,0.1925050291,-0.1925050291,0.4714186676,0.2931182049,34.32512007,1.522652194,-0.03585194186,-0.02476594144,0.01108600042,0.1913221509,0.1275149065,0.666493168,0.173868486,0.09455535918,0.02143556952,0.2158475508,0.2109444922,0.3394911052,0,,,0,1.628311134,,0.02852575882,19,19456,17,85,12,108,320,428,0.0717482,0.0002161200006
n4_L4_high_s1,4,4,high,0.03,0.05,0.05,1,none,2,-0.3294738747,-0.30859375,-0.05843019447,-0.12109375,-0.12109375,0.2083801247,0.2083801247,0.6324632716,0.2083801247,,,-0.0888508955,-0.044921875,0.0439290205,0.2671838686,0.1357421875,0.5080478406,,,,,,,,0.883706894,0.2603266544,,,0.03102003359,0.02950514663,1,1024,17,17,12,12,32,44,0.004547100001,0.0001718799998
n4_L4_high_s1,4,4,high,0.03,0.05,0.05,1,rem,2,-0.3294738747,-0.30859375,-0.05843019447,-0.1804435897,-0.1804435897,0.149030285,0.149030285,0.4523280795,0.2083801247,28.48152615,1.398240128,-0.0888508955,-0.06549777417,0.02335312133,0.2671838686,0.1615418306,0.6046092207,,,,,,,,0.903992362,0.2356134296,0,1.61607555,,0.02950514663,17,17408,17,17,12,12,64,76,0.0441334,0.0001718799998
n4_L4_high_s1,4,4,high,0.03,0.05,0.05,1,rem_tensored,2,-0.3294738747,-0.30859375,-0.05843019447,-0.1898962917,-0.1898962917,0.1395775829,0.1395775829,0.4236377864,0.2083801247,33.01780428,1.492934039,-0.0888508955,-0.06087571932,0.02797517619,0.2671838686,0.1554744041,0.5819004154,,,,,,,,0.9029129506,0.2373077465,0,1.558009964,,0.02950514663,3,3072,17,17,12,12,36,48,0.0102437,0.0001718799998
n4_L4_high_s1,4,4,high,0.03,0.05,0.05,1,zne,2,-0.3294738747,-0.30859375,-0.05843019447,-0.21484375,-0.21484375,0.1146301247,0.1146301247,0.3479187076,0.2083801247,44.98989534,1.817847841,-0.0888508955,-0.06286621094,0.02598468456,0.2671838686,0.1947021484,0.7287196994,-0.12109375,-0.009765625,0,-0.21484375,-0.1344401042,,0,,,,,0.07103482401,0.02950514663,3,3072,17,85,12,108,288,396,0.0190807,0.0001718799998
n4_L4_high_s1,4,4,high,0.03,0.05,0.05,1,zne_rem,2,-0.3294738747,-0.30859375,-0.05843019447,-0.3343583601,-0.3343583601,0.004884485407,-0.004884485407,0.01482510688,0.2083801247,97.65597347,42.66163317,-0.0888508955,-0.08565302244,0.003197873066,0.2671838686,0.2391419744,0.895046455,-0.1804435897,0.002676549777,0.01951748752,-0.3343583601,-0.2027206587,,0,,,0,1.61607555,,0.02950514663,19,19456,17,85,12,108,320,428,0.058667,0.0001718799998
n4_L4_high_s2,4,4,high,0.03,0.05,0.05,2,none,7,-0.3822274298,-0.349609375,-0.07984717232,-0.10546875,-0.10546875,0.2767586798,0.2767586798,0.7240680763,0.2767586798,,,-0.238120065,-0.1171875,0.120932565,0.3093071036,0.146484375,0.4735887838,,,,,,,,0.897211857,0.2528248637,,,0.03107570681,0.02887713385,1,1024,17,17,12,12,32,44,0.004194599998,0.0001904999997
n4_L4_high_s2,4,4,high,0.03,0.05,0.05,2,rem,7,-0.3822274298,-0.349609375,-0.07984717232,-0.1784281669,-0.1784281669,0.2037992629,0.2037992629,0.5331884815,0.2767586798,26.36210614,1.357996471,-0.238120065,-0.1458682256,0.09225183939,0.3093071036,0.1724074537,0.5573989466,,,,,,,,0.9265179111,0.2092583124,0,1.632047307,,0.02887713385,17,17408,17,17,12,12,64,76,0.0427739,0.0001904999997
n4_L4_high_s2,4,4,high,0.03,0.05,0.05,2,rem_tensored,7,-0.3822274298,-0.349609375,-0.07984717232,-0.175688285,-0.175688285,0.2065391449,0.2065391449,0.5403566797,0.2767586798,25.3721166,1.339981726,-0.238120065,-0.1480459848,0.09007408011,0.3093071036,0.17384736,0.5620542109,,,,,,,,0.9280774961,0.2093676361,0,1.619467684,,0.02887713385,3,3072,17,17,12,12,36,48,0.0101612,0.0001904999997
n4_L4_high_s2,4,4,high,0.03,0.05,0.05,2,zne,7,-0.3822274298,-0.349609375,-0.07984717232,-0.2346191406,-0.2346191406,0.1476082892,0.1476082892,0.3861792161,0.2767586798,46.66534423,1.874953509,-0.238120065,-0.1762084961,0.06191156886,0.3093071036,0.2036132812,0.6582884094,-0.10546875,0.01953125,-0.033203125,-0.2346191406,-0.09391276042,,0,,,,,0.07111618681,0.02887713385,3,3072,17,85,12,108,288,396,0.0186881,0.0001904999997
n4_L4_high_s2,4,4,high,0.03,0.05,0.05,2,zne_rem,7,-0.3822274298,-0.349609375,-0.07984717232,-0.3838067421,-0.3838067421,0.001579312224,-0.001579312224,0.004131865222,0.2767586798,99.42935404,175.2400036,-0.238120065,-0.211470416,0.02664964896,0.3093071036,0.2481554517,0.8022947058,-0.1784281669,0.01883976179,-0.06854460486,-0.3838067421,-0.1584570082,,0,,,0,1.632047307,,0.02887713385,19,19456,17,85,12,108,320,428,0.0572674,0.0001904999997
n4_L4_high_s3,4,4,high,0.03,0.05,0.05,3,none,2,0.5778065227,0.591796875,0.124426738,0.078125,0.078125,0.4996815227,-0.4996815227,0.8647903806,0.4996815227,,,-0.2732987174,-0.1201171875,0.1531815299,0.3121692916,0.1533203125,0.4911447622,,,,,,,,0.8390006888,0.3745009384,,,0.0311544866,0.0255054303,1,1024,17,17,12,12,32,44,0.004395399999,0.0001588800005
n4_L4_high_s3,4,4,high,0.03,0.05,0.05,3,rem,2,0.5778065227,0.591796875,0.124426738,0.1205129125,0.1205129125,0.4572936102,-0.4572936102,0.7914303357,0.4996815227,8.482985773,1.092692991,-0.2732987174,-0.1479312249,0.1253674925,0.3121692916,0.1792123544,0.5740870714,,,,,,,,0.8672669855,0.3382845536,0,1.612774032,,0.0255054303,17,17408,17,17,12,12,64,76,0.0437641,0.0001588800005
n4_L4_high_s3,4,4,high,0.03,0.05,0.05,3,rem_tensored,2,0.5778065227,0.591796875,0.124426738,0.1313302109,0.1313302109,0.4464763118,-0.4464763118,0.7727090198,0.4996815227,10.64782436,1.119166929,-0.2732987174,-0.142882597,0.1304161203,0.3121692916,0.181970227,0.5829216132,,,,,,,,0.873067161,0.3321565149,0,1.638848711,,0.0255054303,3,3072,17,17,12,12,36,48,0.009954199999,0.0001588800005
n4_L4_high_s3,4,4,high,0.03,0.05,0.05,3,zne,2,0.5778065227,0.591796875,0.124426738,0.1318359375,0.1318359375,0.4459705852,-0.4459705852,0.7718337673,0.4996815227,10.74903415,1.120436054,-0.2732987174,-0.19140625,0.08189246736,0.3121692916,0.2142333984,0.6862731351,0.078125,0,-0.0390625,0.1318359375,0.1009114583,,0,,,,,0.07124093796,0.0255054303,3,3072,17,85,12,108,288,396,0.0184782,0.0001588800005
n4_L4_high_s3,4,4,high,0.03,0.05,0.05,3,zne_rem,2,0.5778065227,0.591796875,0.124426738,0.2134846565,0.2134846565,0.3643218662,-0.3643218662,0.6305257069,0.4996815227,27.08918588,1.371538656,-0.2732987174,-0.2269432987,0.04635541869,0.3121692916,0.2579150549,0.8262025186,0.1205129125,-0.009057523941,-0.06346389151,0.2134846565,0.1539797687,,0,,,0,1.612774032,,0.0255054303,19,19456,17,85,12,108,320,428,0.0578469,0.0001588800005
n4_L4_high_s4,4,4,high,0.03,0.05,0.05,4,none,1,-0.3883805644,-0.396484375,-0.07673529773,0.00390625,0.00390625,0.3922868144,0.3922868144,1.01005779,0.3922868144,,,-0.1880767813,-0.078125,0.1099517813,0.1860091958,0.1015625,0.5460079517,,,,,,,,0.8623810336,0.2760367771,,,0.03124976158,0.02879684596,1,1024,17,17,12,12,32,44,0.0042698,0.0002155599999
n4_L4_high_s4,4,4,high,0.03,0.05,0.05,4,rem,1,-0.3883805644,-0.396484375,-0.07673529773,0.01499625985,0.01499625985,0.4033768242,0.4033768242,1.038612282,0.3922868144,-2.827015706,0.9725070723,-0.1880767813,-0.1032636409,0.08481314036,0.1860091958,0.1153832436,0.6203093516,,,,,,,,0.872614117,0.2591117955,0,1.619269032,,0.02879684596,17,17408,17,17,12,12,64,76,0.0420904,0.0002155599999
n4_L4_high_s4,4,4,high,0.03,0.05,0.05,4,rem_tensored,1,-0.3883805644,-0.396484375,-0.07673529773,0.007133620169,0.007133620169,0.3955141845,0.3955141845,1.018367603,0.3922868144,-0.8227067674,0.9918400647,-0.1880767813,-0.1095105051,0.07856627617,0.1860091958,0.112724933,0.6060180657,,,,,,,,0.8754932686,0.2582045984,0,1.631393094,,0.02879684596,3,3072,17,17,12,12,36,48,0.009726600001,0.0002155599999
n4_L4_high_s4,4,4,high,0.03,0.05,0.05,4,zne,1,-0.3883805644,-0.396484375,-0.07673529773,-0.01831054688,-0.01831054688,0.3700700175,0.3700700175,0.9528541113,0.3922868144,5.663406483,1.060034036,-0.1880767813,-0.1076049805,0.08047180078,0.1860091958,0.1268310547,0.6818536801,0.00390625,0.029296875,0.029296875,-0.01831054688,0.001790364583,0.003302465298,0,,,,,0.0713789578,0.02879684596,3,3072,17,85,12,108,288,396,0.0191917,0.0002155599999
n4_L4_high_s4,4,4,high,0.03,0.05,0.05,4,zne_rem,1,-0.3883805644,-0.396484375,-0.07673529773,-0.02113591633,-0.02113591633,0.367244648,0.367244648,0.9455793665,0.3922868144,6.383637027,1.06818933,-0.1880767813,-0.1360872139,0.05198956734,0.1860091958,0.1479214433,0.7952372606,0.01499625985,0.05635893748,0.0565193821,-0.02113591633,0.01148251813,0.01341385324,0,,,0,1.619269032,,0.02879684596,19,19456,17,85,12,108,320,428,0.0570123,0.0002155599999
n6_L2_ideal_s0,6,2,ideal,0,0,0,0,none,2,0.4215300875,0.4296875,0.4215300875,0.4140625,0.4140625,0.007467587533,-0.007467587533,0.01771543184,0.007467587533,,,0.02600281636,0.03841145833,0.01240864198,0.2085571658,0.2373046875,1.137840009,,,,,,,,0.979784852,0.06982739193,,,0.02844526415,0.0283379505,1,1024,11,11,10,10,24,34,0.002540400001,0.0006012400001
n6_L2_ideal_s0,6,2,ideal,0,0,0,0,rem,2,0.4215300875,0.4296875,0.4215300875,0.4140625,0.4140625,0.007467587533,-0.007467587533,0.01771543184,0.007467587533,0,1,0.02600281636,0.03841145833,0.01240864198,0.2085571658,0.2373046875,1.137840009,,,,,,,,0.979784852,0.06982739193,0,1,,0.0283379505,65,66560,11,11,10,10,216,226,0.0839512,0.0006012400001
n6_L2_ideal_s0,6,2,ideal,0,0,0,0,rem_tensored,2,0.4215300875,0.4296875,0.4215300875,0.4140625,0.4140625,0.007467587533,-0.007467587533,0.01771543184,0.007467587533,0,1,0.02600281636,0.03841145833,0.01240864198,0.2085571658,0.2373046875,1.137840009,,,,,,,,0.979784852,0.06982739193,0,1,,0.0283379505,3,3072,11,11,10,10,30,40,0.005539899998,0.0006012400001
n6_L2_ideal_s0,6,2,ideal,0,0,0,0,zne,2,0.4215300875,0.4296875,0.4215300875,0.3913574219,0.3913574219,0.03017266566,-0.03017266566,0.07157891346,0.007467587533,-304.0483694,0.2474951208,0.02600281636,0.0517985026,0.02579568625,0.2085571658,0.2894287109,1.387766802,0.4140625,0.419921875,0.373046875,0.3913574219,0.4331054688,0.4344863516,0,,,,,0.06495875785,0.0283379505,3,3072,11,55,10,90,216,306,0.0130264,0.0006012400001
n6_L2_ideal_s0,6,2,ideal,0,0,0,0,zne_rem,2,0.4215300875,0.4296875,0.4215300875,0.3913574219,0.3913574219,0.03017266566,-0.03017266566,0.07157891346,0.007467587533,-304.0483694,0.2474951208,0.02600281636,0.0517985026,0.02579568625,0.2085571658,0.2894287109,1.387766802,0.4140625,0.419921875,0.373046875,0.3913574219,0.4331054688,0.4344863516,0,,,0,1,,0.0283379505,67,68608,11,55,10,90,408,498,0.09443719999,0.0006012400001
n6_L2_ideal_s1,6,2,ideal,0,0,0,1,none,4,0.3601906019,0.34375,0.3601906019,0.390625,0.390625,0.03043439812,0.03043439812,0.08449525879,0.03043439812,,,-0.2508130243,-0.2623697917,0.01155676738,0.1251145446,0.1416015625,1.13177539,,,,,,,,0.9801870761,0.07415125153,,,0.02876718422,0.0291524604,1,1024,11,11,10,10,24,34,0.002475100002,0.0003508599999
n6_L2_ideal_s1,6,2,ideal,0,0,0,1,rem,4,0.3601906019,0.34375,0.3601906019,0.390625,0.390625,0.03043439812,0.03043439812,0.08449525879,0.03043439812,0,1,-0.2508130243,-0.2623697917,0.01155676738,0.1251145446,0.1416015625,1.13177539,,,,,,,,0.9801870761,0.07415125153,0,1,,0.0291524604,65,66560,11,11,10,10,216,226,0.0836999,0.0003508599999
n6_L2_ideal_s1,6,2,ideal,0,0,0,1,rem_tensored,4,0.3601906019,0.34375,0.3601906019,0.390625,0.390625,0.03043439812,0.03043439812,0.08449525879,0.03043439812,0,1,-0.2508130243,-0.2623697917,0.01155676738,0.1251145446,0.1416015625,1.13177539,,,,,,,,0.9801870761,0.07415125153,0,1,,0.0291524604,3,3072,11,11,10,10,30,40,0.005518400005,0.0003508599999
n6_L2_ideal_s1,6,2,ideal,0,0,0,1,zne,4,0.3601906019,0.34375,0.3601906019,0.3754882812,0.3754882812,0.01529767937,0.01529767937,0.04247106752,0.03043439812,49.73556135,1.989478102,-0.2508130243,-0.245686849,0.005126175325,0.1251145446,0.1528320312,1.221536886,0.390625,0.400390625,0.3828125,0.3754882812,0.3971354167,0.397182823,0,,,,,0.06563401522,0.0291524604,3,3072,11,55,10,90,216,306,0.0127488,0.0003508599999
n6_L2_ideal_s1,6,2,ideal,0,0,0,1,zne_rem,4,0.3601906019,0.34375,0.3601906019,0.3754882812,0.3754882812,0.01529767937,0.01529767937,0.04247106752,0.03043439812,49.73556135,1.989478102,-0.2508130243,-0.245686849,0.005126175325,0.1251145446,0.1528320312,1.221536886,0.390625,0.400390625,0.3828125,0.3754882812,0.3971354167,0.397182823,0,,,0,1,,0.0291524604,67,68608,11,55,10,90,408,498,0.0939736,0.0003508599999
n6_L2_ideal_s2,6,2,ideal,0,0,0,2,none,34,0.3208027539,0.310546875,0.3208027539,0.33984375,0.33984375,0.01904099605,0.01904099605,0.05935421632,0.01904099605,,,-0.1692010292,-0.1666666667,0.002534362531,0.1091030302,0.1005859375,0.9219353242,,,,,,,,0.9758634102,0.08291287073,,,0.02939005973,0.02959831329,1,1024,11,11,10,10,24,34,0.002594699999,0.0002353800002
n6_L2_ideal_s2,6,2,ideal,0,0,0,2,rem,34,0.3208027539,0.310546875,0.3208027539,0.33984375,0.33984375,0.01904099605,0.01904099605,0.05935421632,0.01904099605,0,1,-0.1692010292,-0.1666666667,0.002534362531,0.1091030302,0.1005859375,0.9219353242,,,,,,,,0.9758634102,0.08291287073,0,1,,0.02959831329,65,66560,11,11,10,10,216,226,0.0865528,0.0002353800002
n6_L2_ideal_s2,6,2,ideal,0,0,0,2,rem_tensored,34,0.3208027539,0.310546875,0.3208027539,0.33984375,0.33984375,0.01904099605,0.01904099605,0.05935421632,0.01904099605,0,1,-0.1692010292,-0.1666666667,0.002534362531,0.1091030302,0.1005859375,0.9219353242,,,,,,,,0.9758634102,0.08291287073,0,1,,0.02959831329,3,3072,11,11,10,10,30,40,0.0057199,0.0002353800002
n6_L2_ideal_s2,6,2,ideal,0,0,0,2,zne,34,0.3208027539,0.310546875,0.3208027539,0.3969726562,0.3969726562,0.0761699023,0.0761699023,0.237435313,0.01904099605,-300.0310808,0.249980576,-0.1692010292,-0.1847330729,0.01553204372,0.1091030302,0.08776855469,0.8044557016,0.33984375,0.29296875,0.3359375,0.3969726562,0.3258463542,0.3250014447,0,,,,,0.06747928396,0.02959831329,3,3072,11,55,10,90,216,306,0.0133255,0.0002353800002
n6_L2_ideal_s2,6,2,ideal,0,0,0,2,zne_rem,34,0.3208027539,0.310546875,0.3208027539,0.3969726562,0.3969726562,0.0761699023,0.0761699023,0.237435313,0.01904099605,-300.0310808,0.249980576,-0.1692010292,-0.1847330729,0.01553204372,0.1091030302,0.08776855469,0.8044557016,0.33984375,0.29296875,0.3359375,0.3969726562,0.3258463542,0.3250014447,0,,,0,1,,0.02959831329,67,68608,11,55,10,90,408,498,0.0972836,0.0002353800002
n6_L2_ideal_s3,6,2,ideal,0,0,0,3,none,16,-0.4031256501,-0.4296875,-0.4031256501,-0.39453125,-0.39453125,0.008594400076,0.008594400076,0.02131940767,0.008594400076,,,-0.01772873698,-0.02083333333,0.003104596358,0.3005786382,0.3056640625,1.016918782,,,,,,,,0.9851338045,0.04676639366,,,0.02871507887,0.02859826997,1,1024,11,11,10,10,24,34,0.002524,0.0002733999994
n6_L2_ideal_s3,6,2,ideal,0,0,0,3,rem,16,-0.4031256501,-0.4296875,-0.4031256501,-0.39453125,-0.39453125,0.008594400076,0.008594400076,0.02131940767,0.008594400076,0,1,-0.01772873698,-0.02083333333,0.003104596358,0.3005786382,0.3056640625,1.016918782,,,,,,,,0.9851338045,0.04676639366,0,1,,0.02859826997,65,66560,11,11,10,10,216,226,0.0844533,0.0002733999994
n6_L2_ideal_s3,6,2,ideal,0,0,0,3,rem_tensored,16,-0.4031256501,-0.4296875,-0.4031256501,-0.39453125,-0.39453125,0.008594400076,0.008594400076,0.02131940767,0.008594400076,0,1,-0.01772873698,-0.02083333333,0.003104596358,0.3005786382,0.3056640625,1.016918782,,,,,,,,0.9851338045,0.04676639366,0,1,,0.02859826997,3,3072,11,11,10,10,30,40,0.005512399999,0.0002733999994
n6_L2_ideal_s3,6,2,ideal,0,0,0,3,zne,16,-0.4031256501,-0.4296875,-0.4031256501,-0.3835449219,-0.3835449219,0.0195807282,0.0195807282,0.0485722707,0.008594400076,-127.8312393,0.4389213714,-0.01772873698,-0.01330566406,0.004423072913,0.3005786382,0.3199462891,1.064434555,-0.39453125,-0.400390625,-0.384765625,-0.3835449219,-0.4005533854,-0.400636994,0,,,,,0.06555218004,0.02859826997,3,3072,11,55,10,90,216,306,0.0128216,0.0002733999994
n6_L2_ideal_s3,6,2,ideal,0,0,0,3,zne_rem,16,-0.4031256501,-0.4296875,-0.4031256501,-0.3835449219,-0.3835449219,0.0195807282,0.0195807282,0.0485722707,0.008594400076,-127.8312393,0.4389213714,-0.01772873698,-0.01330566406,0.004423072913,0.3005786382,0.3199462891,1.064434555,-0.39453125,-0.400390625,-0.384765625,-0.3835449219,-0.4005533854,-0.400636994,0,,,0,1,,0.02859826997,67,68608,11,55,10,90,408,498,0.0947509,0.0002733999994
n6_L2_ideal_s4,6,2,ideal,0,0,0,4,none,35,0.3818502579,0.421875,0.3818502579,0.453125,0.453125,0.07127474206,0.07127474206,0.1866562627,0.07127474206,,,-0.02348805252,-0.033203125,0.009715072475,0.1026255024,0.1142578125,1.113347168,,,,,,,,0.9842823099,0.07469345445,,,0.02785771841,0.0288820064,1,1024,11,11,10,10,24,34,0.002493299999,0.0002073000003
n6_L2_ideal_s4,6,2,ideal,0,0,0,4,rem,35,0.3818502579,0.421875,0.3818502579,0.453125,0.453125,0.07127474206,0.07127474206,0.1866562627,0.07127474206,0,1,-0.02348805252,-0.033203125,0.009715072475,0.1026255024,0.1142578125,1.113347168,,,,,,,,0.9842823099,0.07469345445,0,1,,0.0288820064,65,66560,11,11,10,10,216,226,0.0841229,0.0002073000003
n6_L2_ideal_s4,6,2,ideal,0,0,0,4,rem_tensored,35,0.3818502579,0.421875,0.3818502579,0.453125,0.453125,0.07127474206,0.07127474206,0.1866562627,0.07127474206,0,1,-0.02348805252,-0.033203125,0.009715072475,0.1026255024,0.1142578125,1.113347168,,,,,,,,0.9842823099,0.07469345445,0,1,,0.0288820064,3,3072,11,11,10,10,30,40,0.005489499999,0.0002073000003
n6_L2_ideal_s4,6,2,ideal,0,0,0,4,zne,35,0.3818502579,0.421875,0.3818502579,0.5056152344,0.5056152344,0.1237649764,0.1237649764,0.324119138,0.07127474206,-73.64493067,0.5758878167,-0.02348805252,-0.03625488281,0.01276683029,0.1026255024,0.1171875,1.141894532,0.453125,0.396484375,0.404296875,0.5056152344,0.4545898438,0.4544851784,0,,,,,0.06425886927,0.0288820064,3,3072,11,55,10,90,216,306,0.0136809,0.0002073000003
n6_L2_ideal_s4,6,2,ideal,0,0,0,4,zne_rem,35,0.3818502579,0.421875,0.3818502579,0.5056152344,0.5056152344,0.1237649764,0.1237649764,0.324119138,0.07127474206,-73.64493067,0.5758878167,-0.02348805252,-0.03625488281,0.01276683029,0.1026255024,0.1171875,1.141894532,0.453125,0.396484375,0.404296875,0.5056152344,0.4545898438,0.4544851784,0,,,0,1,,0.0288820064,67,68608,11,55,10,90,408,498,0.0953105,0.0002073000003
n6_L2_low_s0,6,2,low,0.001,0.005,0.01,0,none,2,0.4215300875,0.4296875,0.3518785338,0.3671875,0.3671875,0.05434258753,-0.05434258753,0.1289174584,0.05434258753,,,0.02600281636,0.033203125,0.007200308644,0.2085571658,0.1826171875,0.8756217357,,,,,,,,0.9697291299,0.1062860151,,,0.02906709204,0.0283379505,1,1024,11,11,10,10,24,34,0.006629,0.0004433200003
n6_L2_low_s0,6,2,low,0.001,0.005,0.01,0,rem,2,0.4215300875,0.4296875,0.3518785338,0.4165240497,0.4165240497,0.005006037843,-0.005006037843,0.01187587314,0.05434258753,90.78800243,10.85540886,0.02600281636,0.03269657412,0.006693757763,0.2085571658,0.1940938412,0.9306505507,,,,,,,,0.9721585934,0.0891416773,0.003961121669,1.138212214,,0.0283379505,65,66560,11,11,10,10,216,226,0.2127556,0.0004433200003
n6_L2_low_s0,6,2,low,0.001,0.005,0.01,0,rem_tensored,2,0.4215300875,0.4296875,0.3518785338,0.4137074366,0.4137074366,0.007822650953,-0.007822650953,0.0185577523,0.05434258753,85.60493471,6.946825041,0.02600281636,0.0343118151,0.008308998743,0.2085571658,0.1918100374,0.9197000577,,,,,,,,0.9685688949,0.0934499262,0.004947290239,1.12754662,,0.0283379505,3,3072,11,11,10,10,30,40,0.0140311,0.0004433200003
n6_L2_low_s0,6,2,low,0.001,0.005,0.01,0,zne,2,0.4215300875,0.4296875,0.3518785338,0.4973144531,0.4973144531,0.07578436559,0.07578436559,0.1797840008,0.05434258753,-39.45667483,0.7170685815,0.02600281636,0.05537923177,0.02937641541,0.2085571658,0.2342529297,1.123207293,0.3671875,0.240234375,0.291015625,0.4973144531,0.3566080729,0.3511897251,0,,,,,0.06733388567,0.0283379505,3,3072,11,55,10,90,216,306,0.0295294,0.0004433200003
n6_L2_low_s0,6,2,low,0.001,0.005,0.01,0,zne_rem,2,0.4215300875,0.4296875,0.3518785338,0.5644948465,0.5644948465,0.142964759,0.142964759,0.3391567132,0.05434258753,-163.0805148,0.3801117696,0.02600281636,0.05510156446,0.02909874811,0.2085571658,0.2494479774,1.196065244,0.4165240497,0.2721702427,0.3299334848,0.5644948465,0.4044855161,0.3983021387,0,,,0.002477818622,1.138212214,,0.0283379505,67,68608,11,55,10,90,408,498,0.235656,0.0004433200003
n6_L2_low_s1,6,2,low,0.001,0.005,0.01,1,none,4,0.3601906019,0.34375,0.3006022946,0.306640625,0.306640625,0.05354997688,-0.05354997688,0.1486712218,0.05354997688,,,-0.2508130243,-0.2373046875,0.01350833678,0.1251145446,0.10546875,0.8429775315,,,,,,,,0.968732925,0.09143705042,,,0.02974454268,0.0291524604,1,1024,11,11,10,10,24,34,0.006512700002,0.00042464
n6_L2_low_s1,6,2,low,0.001,0.005,0.01,1,rem,4,0.3601906019,0.34375,0.3006022946,0.3507093888,0.3507093888,0.009481213127,-0.009481213127,0.02632276655,0.05354997688,82.29464571,5.64800898,-0.2508130243,-0.2424438434,0.008369180909,0.1251145446,0.1106196662,0.8841471349,,,,,,,,0.9704259395,0.08235843405,0.00490387407,1.136554818,,0.0291524604,65,66560,11,11,10,10,216,226,0.2162693,0.00042464
n6_L2_low_s1,6,2,low,0.001,0.005,0.01,1,rem_tensored,4,0.3601906019,0.34375,0.3006022946,0.3482149762,0.3482149762,0.01197562568,-0.01197562568,0.03324802372,0.05354997688,77.6365437,4.47158072,-0.2508130243,-0.2419698379,0.008843186424,0.1251145446,0.1099438908,0.8787458811,,,,,,,,0.9711505153,0.08339490849,0.005545178766,1.128101376,,0.0291524604,3,3072,11,11,10,10,30,40,0.0140147,0.00042464
n6_L2_low_s1,6,2,low,0.001,0.005,0.01,1,zne,4,0.3601906019,0.34375,0.3006022946,0.3208007812,0.3208007812,0.03938982063,-0.03938982063,0.1093582687,0.05354997688,26.44288023,1.359487706,-0.2508130243,-0.2252604167,0.02555260762,0.1251145446,0.1208496094,0.9659117548,0.306640625,0.287109375,0.279296875,0.3208007812,0.3115234375,0.3118916575,0,,,,,0.06809640867,0.0291524604,3,3072,11,55,10,90,216,306,0.0314585,0.00042464
n6_L2_low_s1,6,2,low,0.001,0.005,0.01,1,zne_rem,4,0.3601906019,0.34375,0.3006022946,0.3670920861,0.3670920861,0.006901484223,0.006901484223,0.01916064491,0.05354997688,87.11206872,7.759197175,-0.2508130243,-0.2299170273,0.020895997,0.1251145446,0.1275050883,1.019106841,0.3507093888,0.3282683971,0.3195932762,0.3670920861,0.3561941051,0.3566046642,0,,,0.003253704374,1.136554818,,0.0291524604,67,68608,11,55,10,90,408,498,0.2412151,0.00042464
n6_L2_low_s2,6,2,low,0.001,0.005,0.01,2,none,34,0.3208027539,0.310546875,0.2682649326,0.302734375,0.302734375,0.01806837895,-0.01806837895,0.0563223935,0.01806837895,,,-0.1692010292,-0.1474609375,0.0217400917,0.1091030302,0.0947265625,0.8682303538,,,,,,,,0.9756648982,0.0981289003,,,0.02978359281,0.02959831329,1,1024,11,11,10,10,24,34,0.006140699999,0.0004733200003
n6_L2_low_s2,6,2,low,0.001,0.005,0.01,2,rem,34,0.3208027539,0.310546875,0.2682649326,0.3418475491,0.3418475491,0.02104479519,0.02104479519,0.06560041935,0.01806837895,-16.47306741,0.8585675832,-0.1692010292,-0.1503677787,0.01883325055,0.1091030302,0.09875485788,0.9051522924,,,,,,,,0.9765693846,0.09029890507,0.001920458256,1.138931587,,0.02959831329,65,66560,11,11,10,10,216,226,0.2093417,0.0004733200003
n6_L2_low_s2,6,2,low,0.001,0.005,0.01,2,rem_tensored,34,0.3208027539,0.310546875,0.2682649326,0.3445716156,0.3445716156,0.02376886165,0.02376886165,0.07409182546,0.01806837895,-31.54949718,0.7601701424,-0.1692010292,-0.153621291,0.01557973821,0.1091030302,0.09906390891,0.9079849455,,,,,,,,0.9768144459,0.08923572331,0.001642469708,1.140923549,,0.02959831329,3,3072,11,11,10,10,30,40,0.0146569,0.0004733200003
n6_L2_low_s2,6,2,low,0.001,0.005,0.01,2,zne,34,0.3208027539,0.310546875,0.2682649326,0.2954101562,0.2954101562,0.0253925977,-0.0253925977,0.07915330334,0.01806837895,-40.53611435,0.7115608715,-0.1692010292,-0.1435546875,0.0256463417,0.1091030302,0.09692382812,0.8883697177,0.302734375,0.2734375,0.185546875,0.2954101562,0.341796875,0.3588507749,0,,,,,0.0682859563,0.02959831329,3,3072,11,55,10,90,216,306,0.0293273,0.0004733200003
n6_L2_low_s2,6,2,low,0.001,0.005,0.01,2,zne_rem,34,0.3208027539,0.310546875,0.2682649326,0.333991633,0.333991633,0.01318887901,0.01318887901,0.0411121128,0.01806837895,27.00574276,1.369970787,-0.1692010292,-0.1463922537,0.02280877548,0.1091030302,0.1011309759,0.9269309544,0.3418475491,0.3081284061,0.2085012958,0.333991633,0.3861687737,0.4057580141,0,,,0.001425829945,1.138931587,,0.02959831329,67,68608,11,55,10,90,408,498,0.2325283,0.0004733200003
n6_L2_low_s3,6,2,low,0.001,0.005,0.01,3,none,16,-0.4031256501,-0.4296875,-0.3341535643,-0.326171875,-0.326171875,0.07695377508,0.07695377508,0.1908927776,0.07695377508,,,-0.01772873698,-0.02506510417,0.007336367191,0.3005786382,0.3076171875,1.023416665,,,,,,,,0.9707853803,0.097888459,,,0.02954095257,0.02859826997,1,1024,11,11,10,10,24,34,0.0061537,0.0004195599999
n6_L2_low_s3,6,2,low,0.001,0.005,0.01,3,rem,16,-0.4031256501,-0.4296875,-0.3341535643,-0.3783120341,-0.3783120341,0.02481361597,0.02481361597,0.06155305664,0.07695377508,67.75516738,3.101272107,-0.01772873698,-0.02794387484,0.01021513786,0.3005786382,0.3277644523,1.090444931,,,,,,,,0.9756022419,0.09595508958,0.005444517921,1.139218489,,0.02859826997,65,66560,11,11,10,10,216,226,0.2075441,0.0004195599999
n6_L2_low_s3,6,2,low,0.001,0.005,0.01,3,rem_tensored,16,-0.4031256501,-0.4296875,-0.3341535643,-0.3583360791,-0.3583360791,0.04478957093,0.04478957093,0.1111057332,0.07695377508,41.7967853,1.718118157,-0.01772873698,-0.0262394878,0.008510750821,0.3005786382,0.319905268,1.064298082,,,,,,,,0.9715610778,0.09649832961,0.005574288581,1.119053748,,0.02859826997,3,3072,11,11,10,10,30,40,0.0133412,0.0004195599999
n6_L2_low_s3,6,2,low,0.001,0.005,0.01,3,zne,16,-0.4031256501,-0.4296875,-0.3341535643,-0.330078125,-0.330078125,0.07304752508,0.07304752508,0.1812028708,0.07695377508,5.076099251,1.05347546,-0.01772873698,-0.02180989583,0.004081158858,0.3005786382,0.3634033203,1.209012465,-0.326171875,-0.27734375,-0.173828125,-0.330078125,-0.3733723958,-0.4016580679,0,,,,,0.06789448819,0.02859826997,3,3072,11,55,10,90,216,306,0.0291907,0.0004195599999
n6_L2_low_s3,6,2,low,0.001,0.005,0.01,3,zne_rem,16,-0.4031256501,-0.4296875,-0.3341535643,-0.3825240254,-0.3825240254,0.02060162468,0.02060162468,0.05110472299,0.07695377508,73.22857175,3.735325552,-0.01772873698,-0.02495710159,0.007228364612,0.3005786382,0.3874101415,1.288881152,-0.3783120341,-0.3229156774,-0.2048894886,-0.3825240254,-0.4321059758,-0.463341123,0,,,0.003483796611,1.139218489,,0.02859826997,67,68608,11,55,10,90,408,498,0.2305811,0.0004195599999
n6_L2_low_s4,6,2,low,0.001,0.005,0.01,4,none,35,0.3818502579,0.421875,0.3187859205,0.328125,0.328125,0.05372525794,-0.05372525794,0.1406971891,0.05372525794,,,-0.02348805252,-0.03971354167,0.01622548914,0.1026255024,0.1103515625,1.075284017,,,,,,,,0.9832528652,0.08347488481,,,0.02951982227,0.0288820064,1,1024,11,11,10,10,24,34,0.0061986,0.0004384799999
n6_L2_low_s4,6,2,low,0.001,0.005,0.01,4,rem,35,0.3818502579,0.421875,0.3187859205,0.3783023975,0.3783023975,0.003547860407,-0.003547860407,0.009291234806,0.05372525794,93.39628967,15.1430022,-0.02348805252,-0.04115453746,0.01766648494,0.1026255024,0.115986077,1.130187666,,,,,,,,0.9793522389,0.08838609295,0.0006781029436,1.131509098,,0.0288820064,65,66560,11,11,10,10,216,226,0.2284566,0.0004384799999
n6_L2_low_s4,6,2,low,0.001,0.005,0.01,4,rem_tensored,35,0.3818502579,0.421875,0.3187859205,0.3755747465,0.3755747465,0.006275511478,-0.006275511478,0.01643448275,0.05372525794,88.31925296,8.561096275,-0.02348805252,-0.04110493102,0.0176168785,0.1026255024,0.1172926336,1.142918971,,,,,,,,0.9800384146,0.08784016672,0.0008972790342,1.145219575,,0.0288820064,3,3072,11,11,10,10,30,40,0.0138088,0.0004384799999
n6_L2_low_s4,6,2,low,0.001,0.005,0.01,4,zne,35,0.3818502579,0.421875,0.3187859205,0.3803710938,0.3803710938,0.00147916419,-0.00147916419,0.003873676027,0.05372525794,97.24679928,36.32136195,-0.02348805252,-0.06331380208,0.03982574956,0.1026255024,0.12890625,1.256083985,0.328125,0.26171875,0.24609375,0.3803710938,0.3401692708,0.3430538518,0,,,,,0.06792612898,0.0288820064,3,3072,11,55,10,90,216,306,0.0288788,0.0004384799999
n6_L2_low_s4,6,2,low,0.001,0.005,0.01,4,zne_rem,35,0.3818502579,0.421875,0.3187859205,0.4387601205,0.4387601205,0.05690986252,0.05690986252,0.1490371195,0.05372525794,-5.927574288,0.9440412534,-0.02348805252,-0.06518246162,0.0416944091,0.1026255024,0.1356261545,1.321563854,0.3783023975,0.3020363141,0.2853027138,0.4387601205,0.3916302379,0.3947310404,0,,,0.0006161219095,1.131509098,,0.0288820064,67,68608,11,55,10,90,408,498,0.2511368,0.0004384799999
n6_L2_moderate_s0,6,2,moderate,0.01,0.02,0.03,0,none,2,0.4215300875,0.4296875,0.2101044208,0.22265625,0.22265625,0.1988738375,-0.1988738375,0.4717903737,0.1988738375,,,0.02600281636,0.01822916667,0.00777364969,0.2085571658,0.1650390625,0.7913372906,,,,,,,,0.9170501524,0.1911009529,,,0.03046553179,0.0283379505,1,1024,11,11,10,10,24,34,0.0061637,0.0004506999998
n6_L2_moderate_s0,6,2,moderate,0.01,0.02,0.03,0,rem,2,0.4215300875,0.4296875,0.2101044208,0.3317048184,0.3317048184,0.08982526913,-0.08982526913,0.2130933753,0.1988738375,54.83303875,2.2140077,0.02600281636,0.01390682837,0.01209598799,0.2085571658,0.1998756604,0.9583734975,,,,,,,,0.9445375142,0.1256711248,0.01860573079,1.501763455,,0.0283379505,65,66560,11,11,10,10,216,226,0.209363,0.0004506999998
n6_L2_moderate_s0,6,2,moderate,0.01,0.02,0.03,0,rem_tensored,2,0.4215300875,0.4296875,0.2101044208,0.332387592,0.332387592,0.08914249557,-0.08914249557,0.2114736248,0.1988738375,55.1763587,2.23096556,0.02600281636,0.01562931518,0.01037350118,0.2085571658,0.1981405306,0.9500538133,,,,,,,,0.94765836,0.1230933535,0.0169211956,1.498412939,,0.0283379505,3,3072,11,11,10,10,30,40,0.0134567,0.0004506999998
n6_L2_moderate_s0,6,2,moderate,0.01,0.02,0.03,0,zne,2,0.4215300875,0.4296875,0.2101044208,0.3308105469,0.3308105469,0.09071954066,-0.09071954066,0.2152148645,0.1988738375,54.38337099,2.19218303,0.02600281636,0.01216634115,0.01383647521,0.2085571658,0.2171630859,1.041264083,0.22265625,0.095703125,0.087890625,0.3308105469,0.2364908854,0.2475162827,0,,,,,0.07007991176,0.0283379505,3,3072,11,55,10,90,216,306,0.0294721,0.0004506999998
n6_L2_moderate_s0,6,2,moderate,0.01,0.02,0.03,0,zne_rem,2,0.4215300875,0.4296875,0.2101044208,0.4926817511,0.4926817511,0.07115166361,0.07115166361,0.168793796,0.1988738375,64.22271301,2.795069397,0.02600281636,0.007054322212,0.01894849414,0.2085571658,0.2650532183,1.270890009,0.3317048184,0.1420795594,0.1288924423,0.4926817511,0.3530015554,0.3707349448,0,,,0.007308098052,1.501763455,,0.0283379505,67,68608,11,55,10,90,408,498,0.2326714,0.0004506999998
n6_L2_moderate_s1,6,2,moderate,0.01,0.02,0.03,1,none,4,0.3601906019,0.34375,0.1793821024,0.162109375,0.162109375,0.1980812269,-0.1980812269,0.5499344676,0.1980812269,,,-0.2508130243,-0.2386067708,0.01220625345,0.1251145446,0.0869140625,0.6946759287,,,,,,,,0.9265703096,0.1858819876,,,0.03083664987,0.0291524604,1,1024,11,11,10,10,24,34,0.006060799999,0.0003986399999
n6_L2_moderate_s1,6,2,moderate,0.01,0.02,0.03,1,rem,4,0.3601906019,0.34375,0.1793821024,0.2388725509,0.2388725509,0.1213180509,-0.1213180509,0.3368162587,0.1980812269,38.75338271,1.632743234,-0.2508130243,-0.2599471173,0.009134093002,0.1251145446,0.09893504495,0.7907557449,,,,,,,,0.9512447929,0.1406798629,0.004260966447,1.513403225,,0.0291524604,65,66560,11,11,10,10,216,226,0.209176,0.0003986399999
n6_L2_moderate_s1,6,2,moderate,0.01,0.02,0.03,1,rem_tensored,4,0.3601906019,0.34375,0.1793821024,0.2412140842,0.2412140842,0.1189765176,-0.1189765176,0.3303154414,0.1980812269,39.93549034,1.664876656,-0.2508130243,-0.2520291108,0.001216086482,0.1251145446,0.101740742,0.8131807721,,,,,,,,0.9509396081,0.138544726,0.004146228944,1.513842467,,0.0291524604,3,3072,11,11,10,10,30,40,0.0134321,0.0003986399999
n6_L2_moderate_s1,6,2,moderate,0.01,0.02,0.03,1,zne,4,0.3601906019,0.34375,0.1793821024,0.2465820312,0.2465820312,0.1136085706,-0.1136085706,0.3154123679,0.1980812269,42.64546297,1.743541229,-0.2508130243,-0.2787272135,0.02791418926,0.1251145446,0.1065673828,0.8517585474,0.162109375,0.060546875,0.048828125,0.2465820312,0.1754557292,0.192476125,0,,,,,0.07071273607,0.0291524604,3,3072,11,55,10,90,216,306,0.0292705,0.0003986399999
n6_L2_moderate_s1,6,2,moderate,0.01,0.02,0.03,1,zne_rem,4,0.3601906019,0.34375,0.1793821024,0.3639646314,0.3639646314,0.003774029516,0.003774029516,0.01047786782,0.1980812269,98.09470611,52.48534121,-0.2508130243,-0.302345652,0.05153262775,0.1251145446,0.1232270699,0.984914026,0.2388725509,0.08940786566,0.0742358146,0.3639646314,0.2576496293,0.2801451197,0,,,0.001770635255,1.513403225,,0.0291524604,67,68608,11,55,10,90,408,498,0.2323857,0.0003986399999
n6_L2_moderate_s2,6,2,moderate,0.01,0.02,0.03,2,none,34,0.3208027539,0.310546875,0.1629487922,0.18359375,0.18359375,0.1372090039,-0.1372090039,0.4277051935,0.1372090039,,,-0.1692010292,-0.1490885417,0.02011248753,0.1091030302,0.0810546875,0.7429187564,,,,,,,,0.946013383,0.1637968987,,,0.03071881891,0.02959831329,1,1024,11,11,10,10,24,34,0.005943100001,0.0003937000001
n6_L2_moderate_s2,6,2,moderate,0.01,0.02,0.03,2,rem,34,0.3208027539,0.310546875,0.1629487922,0.2614247198,0.2614247198,0.05937803415,-0.05937803415,0.1850920337,0.1372090039,56.72438948,2.310770404,-0.1692010292,-0.1630522618,0.006148767367,0.1091030302,0.09083899379,0.8325982664,,,,,,,,0.9578653622,0.1417292549,0.0002667984029,1.493370293,,0.02959831329,65,66560,11,11,10,10,216,226,0.2134543,0.0003937000001
n6_L2_moderate_s2,6,2,moderate,0.01,0.02,0.03,2,rem_tensored,34,0.3208027539,0.310546875,0.1629487922,0.2811915522,0.2811915522,0.03961120179,-0.03961120179,0.1234752548,0.1372090039,71.13075625,3.463893993,-0.1692010292,-0.1646027539,0.004598275276,0.1091030302,0.09410337978,0.8625184802,,,,,,,,0.9580651967,0.1391156068,6.199755713e-05,1.548896204,,0.02959831329,3,3072,11,11,10,10,30,40,0.013575,0.0003937000001
n6_L2_moderate_s2,6,2,moderate,0.01,0.02,0.03,2,zne,34,0.3208027539,0.310546875,0.1629487922,0.2941894531,0.2941894531,0.02661330082,-0.02661330082,0.08295845498,0.1372090039,80.60382332,5.155655244,-0.1692010292,-0.1673583984,0.00184263076,0.1091030302,0.08898925781,0.815644237,0.18359375,0.048828125,0.029296875,0.2941894531,0.2029622396,0.2536455177,0,,,,,0.07054755167,0.02959831329,3,3072,11,55,10,90,216,306,0.0288114,0.0003937000001
n6_L2_moderate_s2,6,2,moderate,0.01,0.02,0.03,2,zne_rem,34,0.3208027539,0.310546875,0.1629487922,0.4261631316,0.4261631316,0.1053603777,0.1053603777,0.3284272856,0.1372090039,23.21176113,1.302282765,-0.1692010292,-0.1824126342,0.01321160502,0.1091030302,0.1002073687,0.9184654956,0.2614247198,0.06240872725,0.03734050956,0.4261631316,0.2884544765,0.3648650073,0,,,0.0006162940426,1.493370293,,0.02959831329,67,68608,11,55,10,90,408,498,0.2363226,0.0003937000001
n6_L2_moderate_s3,6,2,moderate,0.01,0.02,0.03,3,none,16,-0.4031256501,-0.4296875,-0.1930624793,-0.220703125,-0.220703125,0.1824225251,0.1824225251,0.4525202627,0.1824225251,,,-0.01772873698,-0.02115885417,0.003430117191,0.3005786382,0.21484375,0.7147671947,,,,,,,,0.9282990546,0.1940109732,,,0.03047940728,0.02859826997,1,1024,11,11,10,10,24,34,0.005878600001,0.0004055000005
n6_L2_moderate_s3,6,2,moderate,0.01,0.02,0.03,3,rem,16,-0.4031256501,-0.4296875,-0.1930624793,-0.3268026757,-0.3268026757,0.07632297442,0.07632297442,0.1893280033,0.1824225251,58.16143079,2.390139096,-0.01772873698,-0.02728192296,0.009553185983,0.3005786382,0.2596199666,0.8637339239,,,,,,,,0.960276736,0.1285834126,0.0069584535,1.497025644,,0.02859826997,65,66560,11,11,10,10,216,226,0.2310433,0.0004055000005
n6_L2_moderate_s3,6,2,moderate,0.01,0.02,0.03,3,rem_tensored,16,-0.4031256501,-0.4296875,-0.1930624793,-0.322114525,-0.322114525,0.0810111251,0.0810111251,0.2009575056,0.1824225251,55.59149011,2.251820659,-0.01772873698,-0.02427320985,0.00654447287,0.3005786382,0.2529114776,0.8414153417,,,,,,,,0.958865229,0.1287453957,0.005579087309,1.461302479,,0.02859826997,3,3072,11,11,10,10,30,40,0.0133043,0.0004055000005
n6_L2_moderate_s3,6,2,moderate,0.01,0.02,0.03,3,zne,16,-0.4031256501,-0.4296875,-0.1930624793,-0.3051757812,-0.3051757812,0.09794986883,0.09794986883,0.242976027,0.1824225251,46.30604483,1.862407038,-0.01772873698,-0.005289713542,0.01243902343,0.3005786382,0.2362060547,0.7858377964,-0.220703125,-0.1015625,-0.048828125,-0.3051757812,-0.2526041667,-0.3194658674,0,,,,,0.07009377085,0.02859826997,3,3072,11,55,10,90,216,306,0.0289767,0.0004055000005
n6_L2_moderate_s3,6,2,moderate,0.01,0.02,0.03,3,zne_rem,16,-0.4031256501,-0.4296875,-0.1930624793,-0.4457931233,-0.4457931233,0.04266747321,-0.04266747321,0.1058416233,0.1824225251,76.61063337,4.275447111,-0.01772873698,-0.01008429287,0.007644444101,0.3005786382,0.2871000438,0.9551578433,-0.3268026757,-0.1557321249,-0.07387536692,-0.4457931233,-0.3751655374,-0.474308185,0,,,0.004538932104,1.497025644,,0.02859826997,67,68608,11,55,10,90,408,498,0.2541414,0.0004055000005
n6_L2_moderate_s4,6,2,moderate,0.01,0.02,0.03,4,none,35,0.3818502579,0.421875,0.190573993,0.18359375,0.18359375,0.1982565079,-0.1982565079,0.5191996177,0.1982565079,,,-0.02348805252,-0.02669270833,0.003204655809,0.1026255024,0.072265625,0.7041682946,,,,,,,,0.9481109491,0.1683325216,,,0.03071881891,0.0288820064,1,1024,11,11,10,10,24,34,0.006383300002,0.0004309200005
n6_L2_moderate_s4,6,2,moderate,0.01,0.02,0.03,4,rem,35,0.3818502579,0.421875,0.190573993,0.2762425245,0.2762425245,0.1056077334,-0.1056077334,0.2765684486,0.1982565079,46.73176959,1.877291572,-0.02348805252,-0.03239402923,0.008905976707,0.1026255024,0.08882795363,0.8655543853,,,,,,,,0.9592168726,0.148985906,4.836208816e-05,1.497440952,,0.0288820064,65,66560,11,11,10,10,216,226,0.2174844,0.0004309200005
n6_L2_moderate_s4,6,2,moderate,0.01,0.02,0.03,4,rem_tensored,35,0.3818502579,0.421875,0.190573993,0.274767435,0.274767435,0.1070828229,-0.1070828229,0.2804314537,0.1982565079,45.9877388,1.851431467,-0.02348805252,-0.03729768349,0.01380963097,0.1026255024,0.08548623352,0.8329921075,,,,,,,,0.9599888911,0.1497020369,0,1.500528093,,0.0288820064,3,3072,11,11,10,10,30,40,0.0136413,0.0004309200005
n6_L2_moderate_s4,6,2,moderate,0.01,0.02,0.03,4,zne,35,0.3818502579,0.421875,0.190573993,0.2385253906,0.2385253906,0.1433248673,-0.1433248673,0.3753431203,0.1982565079,27.70735811,1.383266642,-0.02348805252,-0.03161621094,0.008128158413,0.1026255024,0.08801269531,0.8576103723,0.18359375,0.107421875,0.076171875,0.2385253906,0.2029622396,0.2215452913,0,,,,,0.07044365319,0.0288820064,3,3072,11,55,10,90,216,306,0.0290901,0.0004309200005
n6_L2_moderate_s4,6,2,moderate,0.01,0.02,0.03,4,zne_rem,35,0.3818502579,0.421875,0.190573993,0.361152539,0.361152539,0.0206977189,-0.0206977189,0.0542037578,0.1982565079,89.56013141,9.57866463,-0.02348805252,-0.03757598586,0.01408793334,0.1026255024,0.108570653,1.057930538,0.2762425245,0.157949828,0.1083602418,0.361152539,0.3067625768,0.3386169126,0,,,1.612069605e-05,1.497440952,,0.0288820064,67,68608,11,55,10,90,408,498,0.2401912,0.0004309200005
n6_L2_high_s0,6,2,high,0.03,0.05,0.05,0,none,2,0.4215300875,0.4296875,0.09146927718,0.05859375,0.05859375,0.3629363375,-0.3629363375,0.8609974668,0.3629363375,,,0.02600281636,0.02213541667,0.00386739969,0.2085571658,0.0869140625,0.4167397566,,,,,,,,0.7953360648,0.3566892197,,,0.0311963097,0.0283379505,1,1024,11,11,10,10,24,34,0.006222399999,0.0004162199999
n6_L2_high_s0,6,2,high,0.03,0.05,0.05,0,rem,2,0.4215300875,0.4296875,0.09146927718,0.1178540921,0.1178540921,0.3036759954,-0.3036759954,0.7204135704,0.3629363375,16.32802671,1.195143321,0.02600281636,0.008570558471,0.01743225789,0.2085571658,0.1098201988,0.5265712084,,,,,,,,0.8661476989,0.2644301882,0.009511897521,2.090819801,,0.0283379505,65,66560,11,11,10,10,216,226,0.2162248,0.0004162199999
n6_L2_high_s0,6,2,high,0.03,0.05,0.05,0,rem_tensored,2,0.4215300875,0.4296875,0.09146927718,0.1251691088,0.1251691088,0.2963609788,-0.2963609788,0.703060084,0.3629363375,18.34353629,1.224642796,0.02600281636,-0.001715626393,0.02771844275,0.2085571658,0.1146086844,0.549531271,,,,,,,,0.8682364649,0.2613741638,0.008680925851,2.135986177,,0.0283379505,3,3072,11,11,10,10,30,40,0.0137488,0.0004162199999
n6_L2_high_s0,6,2,high,0.03,0.05,0.05,0,zne,2,0.4215300875,0.4296875,0.09146927718,0.0625,0.0625,0.3590300875,-0.3590300875,0.8517306312,0.3629363375,1.076290687,1.010880007,0.02600281636,0.03686523438,0.01086241802,0.2085571658,0.1226806641,0.5882351901,0.05859375,0.0390625,0.00390625,0.0625,0.07486979167,0.1581948103,0,,,,,0.07129037869,0.0283379505,3,3072,11,55,10,90,216,306,0.0290956,0.0004162199999
n6_L2_high_s0,6,2,high,0.03,0.05,0.05,0,zne_rem,2,0.4215300875,0.4296875,0.09146927718,0.1284252338,0.1284252338,0.2931048538,-0.2931048538,0.6953355465,0.3629363375,19.24069776,1.238247449,0.02600281636,0.0253942996,0.0006085167579,0.2085571658,0.1569102692,0.7523609585,0.1178540921,0.07332746432,-0.002378289658,0.1284252338,0.1531087086,,0,,,0.003758485308,2.090819801,,0.0283379505,67,68608,11,55,10,90,408,498,0.239098,0.0004162199999
n6_L2_high_s1,6,2,high,0.03,0.05,0.05,1,none,4,0.3601906019,0.34375,0.07804872284,0.076171875,0.076171875,0.2840187269,-0.2840187269,0.7885234245,0.2840187269,,,-0.2508130243,-0.1663411458,0.08447187845,0.1251145446,0.0576171875,0.4605155033,,,,,,,,0.853265771,0.3008391329,,,0.03115920945,0.0291524604,1,1024,11,11,10,10,24,34,0.0061981,0.0004124400002
n6_L2_high_s1,6,2,high,0.03,0.05,0.05,1,rem,4,0.3601906019,0.34375,0.07804872284,0.1577376792,0.1577376792,0.2024529227,-0.2024529227,0.562071641,0.2840187269,28.7184599,1.402887758,-0.2508130243,-0.2058500067,0.04496301762,0.1251145446,0.07425756147,0.5935166186,,,,,,,,0.8987494146,0.2350637264,0.007476621058,2.085040718,,0.0291524604,65,66560,11,11,10,10,216,226,0.212321,0.0004124400002
n6_L2_high_s1,6,2,high,0.03,0.05,0.05,1,rem_tensored,4,0.3601906019,0.34375,0.07804872284,0.1602416276,0.1602416276,0.1999489742,-0.1999489742,0.5551199093,0.2840187269,29.60007376,1.420456034,-0.2508130243,-0.1956722803,0.05514074394,0.1251145446,0.07087723342,0.5664987521,,,,,,,,0.9001565587,0.2338285328,0.00685918376,2.032140095,,0.0291524604,3,3072,11,11,10,10,30,40,0.0135345,0.0004124400002
n6_L2_high_s1,6,2,high,0.03,0.05,0.05,1,zne,4,0.3601906019,0.34375,0.07804872284,0.1293945312,0.1293945312,0.2307960706,-0.2307960706,0.6407609455,0.2840187269,18.73913627,1.23060469,-0.2508130243,-0.2281901042,0.02262292012,0.1251145446,0.08618164062,0.6888219181,0.076171875,0.013671875,0.009765625,0.1293945312,0.0830078125,0.101121897,0,,,,,0.07124757621,0.0291524604,3,3072,11,55,10,90,216,306,0.0293129,0.0004124400002
n6_L2_high_s1,6,2,high,0.03,0.05,0.05,1,zne_rem,4,0.3601906019,0.34375,0.07804872284,0.2726096327,0.2726096327,0.08758096916,-0.08758096916,0.2431517333,0.2840187269,69.16366392,3.242927426,-0.2508130243,-0.2772935527,0.02648052838,0.1251145446,0.1171546323,0.9363790006,0.1577376792,0.02364086798,0.01707351786,0.2726096327,0.1716488093,0.211600465,0,,,0.003837523188,2.085040718,,0.0291524604,67,68608,11,55,10,90,408,498,0.2354358,0.0004124400002
n6_L2_high_s2,6,2,high,0.03,0.05,0.05,2,none,34,0.3208027539,0.310546875,0.0737859062,0.0859375,0.0859375,0.2348652539,-0.2348652539,0.7321173246,0.2348652539,,,-0.1692010292,-0.1145833333,0.05461769586,0.1091030302,0.0439453125,0.4027872776,,,,,,,,0.8941096222,0.2493352307,,,0.03113439156,0.02959831329,1,1024,11,11,10,10,24,34,0.006349000003,0.00038976
n6_L2_high_s2,6,2,high,0.03,0.05,0.05,2,rem,34,0.3208027539,0.310546875,0.0737859062,0.1727079521,0.1727079521,0.1480948019,-0.1480948019,0.4616381875,0.2348652539,36.94478029,1.585911531,-0.1692010292,-0.14454768,0.02465334918,0.1091030302,0.05312671874,0.4869408178,,,,,,,,0.9197704263,0.1948769136,0.003228104884,2.076619669,,0.02959831329,65,66560,11,11,10,10,216,226,0.2119666,0.00038976
n6_L2_high_s2,6,2,high,0.03,0.05,0.05,2,rem_tensored,34,0.3208027539,0.310546875,0.0737859062,0.1721820522,0.1721820522,0.1486207017,-0.1486207017,0.463277512,0.2348652539,36.72086475,1.580299724,-0.1692010292,-0.1388035464,0.03039748284,0.1091030302,0.05226237213,0.4790185208,,,,,,,,0.9241206053,0.1945535336,0.001327150072,2.008863198,,0.02959831329,3,3072,11,11,10,10,30,40,0.0149542,0.00038976
n6_L2_high_s2,6,2,high,0.03,0.05,0.05,2,zne,34,0.3208027539,0.310546875,0.0737859062,0.1179199219,0.1179199219,0.2028828321,-0.2028828321,0.6324223517,0.2348652539,13.61734924,1.157639863,-0.1692010292,-0.1348063151,0.03439471409,0.1091030302,0.04370117188,0.4005495705,0.0859375,0.029296875,-0.017578125,0.1179199219,0.1101888021,,0,,,,,0.07120202374,0.02959831329,3,3072,11,55,10,90,216,306,0.0293467,0.00038976
n6_L2_high_s2,6,2,high,0.03,0.05,0.05,2,zne_rem,34,0.3208027539,0.310546875,0.0737859062,0.2429910837,0.2429910837,0.07781167025,-0.07781167025,0.2425529996,0.2348652539,66.86965443,3.018380831,-0.1692010292,-0.1675963047,0.001604724474,0.1091030302,0.05290573767,0.484915383,0.1727079521,0.05394440982,-0.03574883771,0.2429910837,0.2199771004,,0,,,0.001446763283,2.076619669,,0.02959831329,67,68608,11,55,10,90,408,498,0.2349643,0.00038976
n6_L2_high_s3,6,2,high,0.03,0.05,0.05,3,none,16,-0.4031256501,-0.4296875,-0.07827157595,-0.1015625,-0.1015625,0.3015631501,0.3015631501,0.7480624218,0.3015631501,,,-0.01772873698,-0.02604166667,0.008312929691,0.3005786382,0.1396484375,0.4645986766,,,,,,,,0.8131517129,0.3380124182,,,0.03108841127,0.02859826997,1,1024,11,11,10,10,24,34,0.005996799999,0.0003924999997
n6_L2_high_s3,6,2,high,0.03,0.05,0.05,3,rem,16,-0.4031256501,-0.4296875,-0.07827157595,-0.2263002616,-0.2263002616,0.1768253885,0.1768253885,0.4386359152,0.3015631501,41.36372816,1.705429026,-0.01772873698,-0.0438069109,0.02607817392,0.3005786382,0.1921197887,0.6391664753,,,,,,,,0.8738015525,0.2613825979,0.00947486484,2.086682381,,0.02859826997,65,66560,11,11,10,10,216,226,0.212005,0.0003924999997
n6_L2_high_s3,6,2,high,0.03,0.05,0.05,3,rem_tensored,16,-0.4031256501,-0.4296875,-0.07827157595,-0.2097520228,-0.2097520228,0.1933736273,0.1933736273,0.4796857438,0.3015631501,35.87624109,1.559484374,-0.01772873698,-0.03615601083,0.01842727385,0.3005786382,0.1918811684,0.6383726054,,,,,,,,0.8686949741,0.2665074045,0.0112257138,2.037862836,,0.02859826997,3,3072,11,11,10,10,30,40,0.0134154,0.0003924999997
n6_L2_high_s3,6,2,high,0.03,0.05,0.05,3,zne,16,-0.4031256501,-0.4296875,-0.07827157595,-0.0849609375,-0.0849609375,0.3181647126,0.3181647126,0.7892445259,0.3015631501,-5.50516948,0.9478208555,-0.01772873698,-0.01472981771,0.002998919267,0.3005786382,0.1904296875,0.6335436498,-0.1015625,-0.099609375,-0.05078125,-0.0849609375,-0.1220703125,-0.1346950053,0,,,,,0.07103188057,0.02859826997,3,3072,11,55,10,90,216,306,0.0303158,0.0003924999997
n6_L2_high_s3,6,2,high,0.03,0.05,0.05,3,zne_rem,16,-0.4031256501,-0.4296875,-0.07827157595,-0.1937339642,-0.1937339642,0.2093916859,0.2093916859,0.5194203986,0.3015631501,30.56456474,1.440186839,-0.01772873698,-0.03017821781,0.01244948084,0.3005786382,0.2660756599,0.8852114759,-0.2263002616,-0.2172337624,-0.1092351378,-0.1937339642,-0.2720552301,-0.3023896588,0,,,0.00833867321,2.086682381,,0.02859826997,67,68608,11,55,10,90,408,498,0.236324,0.0003924999997
n6_L2_high_s4,6,2,high,0.03,0.05,0.05,4,none,35,0.3818502579,0.421875,0.08320864478,0.07421875,0.07421875,0.3076315079,-0.3076315079,0.805633888,0.3076315079,,,-0.02348805252,-0.009765625,0.01372242752,0.1026255024,0.0634765625,0.6185262047,,,,,,,,0.9052589679,0.2409223372,,,0.03116381204,0.0288820064,1,1024,11,11,10,10,24,34,0.005960899998,0.0004459200005
n6_L2_high_s4,6,2,high,0.03,0.05,0.05,4,rem,35,0.3818502579,0.421875,0.08320864478,0.1690048091,0.1690048091,0.2128454489,-0.2128454489,0.5574055391,0.3076315079,30.81155754,1.445328099,-0.02348805252,-0.02497592773,0.001487875207,0.1026255024,0.08729446375,0.8506118043,,,,,,,,0.9294513485,0.1829033241,0.006023431339,2.090602442,,0.0288820064,65,66560,11,11,10,10,216,226,0.2182526,0.0004459200005
n6_L2_high_s4,6,2,high,0.03,0.05,0.05,4,rem_tensored,35,0.3818502579,0.421875,0.08320864478,0.1512453607,0.1512453607,0.2306048973,-0.2306048973,0.603914473,0.3076315079,25.03859607,1.334019839,-0.02348805252,-0.01955733353,0.003930719,0.1026255024,0.08597336349,0.8377387831,,,,,,,,0.9286898626,0.1835294051,0.005569366871,2.026940957,,0.0288820064,3,3072,11,11,10,10,30,40,0.0134989,0.0004459200005
n6_L2_high_s4,6,2,high,0.03,0.05,0.05,4,zne,35,0.3818502579,0.421875,0.08320864478,0.1103515625,0.1103515625,0.2714986954,-0.2714986954,0.7110082809,0.3076315079,11.74548496,1.133086505,-0.02348805252,-0.01180013021,0.01168792232,0.1026255024,0.07897949219,0.7695893355,0.07421875,0.03125,0.02734375,0.1103515625,0.07942708333,0.08433002868,0,,,,,0.07124556887,0.0288820064,3,3072,11,55,10,90,216,306,0.0286112,0.0004459200005
n6_L2_high_s4,6,2,high,0.03,0.05,0.05,4,zne_rem,35,0.3818502579,0.421875,0.08320864478,0.2478033551,0.2478033551,0.1340469029,-0.1340469029,0.3510457309,0.3076315079,56.4261464,2.294954238,-0.02348805252,-0.02741266476,0.00392461224,0.1026255024,0.1090678887,1.062775686,0.1690048091,0.07453934709,0.06424939176,0.2478033551,0.1811644123,0.1924895191,0,,,0.002060460375,2.090602442,,0.0288820064,67,68608,11,55,10,90,408,498,0.2409029,0.0004459200005
n6_L4_ideal_s0,6,4,ideal,0,0,0,0,none,13,-0.3106903907,-0.296875,-0.3106903907,-0.287109375,-0.287109375,0.02358101568,0.02358101568,0.07589876091,0.02358101568,,,0.0252339635,0.0302734375,0.005039473996,0.1528365376,0.1474609375,0.9648277815,,,,,,,,0.9815814618,0.07136621869,,,0.02993430644,0.02970347401,1,1024,19,19,20,20,48,68,0.003460899999,0.0002988
n6_L4_ideal_s0,6,4,ideal,0,0,0,0,rem,13,-0.3106903907,-0.296875,-0.3106903907,-0.287109375,-0.287109375,0.02358101568,0.02358101568,0.07589876091,0.02358101568,0,1,0.0252339635,0.0302734375,0.005039473996,0.1528365376,0.1474609375,0.9648277815,,,,,,,,0.9815814618,0.07136621869,0,1,,0.02970347401,65,66560,19,19,20,20,240,260,0.0861456,0.0002988
n6_L4_ideal_s0,6,4,ideal,0,0,0,0,rem_tensored,13,-0.3106903907,-0.296875,-0.3106903907,-0.287109375,-0.287109375,0.02358101568,0.02358101568,0.07589876091,0.02358101568,0,1,0.0252339635,0.0302734375,0.005039473996,0.1528365376,0.1474609375,0.9648277815,,,,,,,,0.9815814618,0.07136621869,0,1,,0.02970347401,3,3072,19,19,20,20,54,74,0.006441400001,0.0002988
n6_L4_ideal_s0,6,4,ideal,0,0,0,0,zne,13,-0.3106903907,-0.296875,-0.3106903907,-0.3466796875,-0.3466796875,0.03598929682,-0.03598929682,0.1158365302,0.02358101568,-52.6197909,0.655223018,0.0252339635,0.04435221354,0.01911825004,0.1528365376,0.1489257812,0.9744121635,-0.287109375,-0.255859375,-0.341796875,-0.3466796875,-0.25390625,-0.2569301458,0,,,,,0.06853827245,0.02970347401,3,3072,19,95,20,180,432,612,0.0215532,0.0002988
n6_L4_ideal_s0,6,4,ideal,0,0,0,0,zne_rem,13,-0.3106903907,-0.296875,-0.3106903907,-0.3466796875,-0.3466796875,0.03598929682,-0.03598929682,0.1158365302,0.02358101568,-52.6197909,0.655223018,0.0252339635,0.04435221354,0.01911825004,0.1528365376,0.1489257812,0.9744121635,-0.287109375,-0.255859375,-0.341796875,-0.3466796875,-0.25390625,-0.2569301458,0,,,0,1,,0.02970347401,67,68608,19,95,20,180,624,804,0.1042379,0.0002988
n6_L4_ideal_s1,6,4,ideal,0,0,0,1,none,14,0.435397336,0.4609375,0.435397336,0.392578125,0.392578125,0.042819211,-0.042819211,0.09834513779,0.042819211,,,0.009349483368,0.0126953125,0.003345829132,0.1773398,0.1591796875,0.8975970849,,,,,,,,0.9817389361,0.09501800328,,,0.02874120816,0.0281324497,1,1024,19,19,20,20,48,68,0.0035336,0.0002320799998
n6_L4_ideal_s1,6,4,ideal,0,0,0,1,rem,14,0.435397336,0.4609375,0.435397336,0.392578125,0.392578125,0.042819211,-0.042819211,0.09834513779,0.042819211,0,1,0.009349483368,0.0126953125,0.003345829132,0.1773398,0.1591796875,0.8975970849,,,,,,,,0.9817389361,0.09501800328,0,1,,0.0281324497,65,66560,19,19,20,20,240,260,0.0843538,0.0002320799998
n6_L4_ideal_s1,6,4,ideal,0,0,0,1,rem_tensored,14,0.435397336,0.4609375,0.435397336,0.392578125,0.392578125,0.042819211,-0.042819211,0.09834513779,0.042819211,0,1,0.009349483368,0.0126953125,0.003345829132,0.1773398,0.1591796875,0.8975970849,,,,,,,,0.9817389361,0.09501800328,0,1,,0.0281324497,3,3072,19,19,20,20,54,74,0.006451400001,0.0002320799998
n6_L4_ideal_s1,6,4,ideal,0,0,0,1,zne,14,0.435397336,0.4609375,0.435397336,0.3315429688,0.3315429688,0.1038543673,-0.1038543673,0.2385277967,0.042819211,-142.5415247,0.4123005333,0.009349483368,0.01440429688,0.005054813507,0.1773398,0.1209716797,0.6821462509,0.392578125,0.44140625,0.392578125,0.3315429688,0.4088541667,0.4082224552,0,,,,,0.06518319211,0.0281324497,3,3072,19,95,20,180,432,612,0.0210905,0.0002320799998
n6_L4_ideal_s1,6,4,ideal,0,0,0,1,zne_rem,14,0.435397336,0.4609375,0.435397336,0.3315429688,0.3315429688,0.1038543673,-0.1038543673,0.2385277967,0.042819211,-142.5415247,0.4123005333,0.009349483368,0.01440429688,0.005054813507,0.1773398,0.1209716797,0.6821462509,0.392578125,0.44140625,0.392578125,0.3315429688,0.4088541667,0.4082224552,0,,,0,1,,0.0281324497,67,68608,19,95,20,180,624,804,0.1019107,0.0002320799998
n6_L4_ideal_s2,6,4,ideal,0,0,0,2,none,18,0.3694777779,0.3984375,0.3694777779,0.40234375,0.40234375,0.03286597209,0.03286597209,0.08895250014,0.03286597209,,,0.02995640736,0.02083333333,0.009123074025,0.1363876632,0.1328125,0.9737867553,,,,,,,,0.9824769515,0.07590194286,,,0.02860902097,0.02903873645,1,1024,19,19,20,20,48,68,0.003433200003,0.0002239399997
n6_L4_ideal_s2,6,4,ideal,0,0,0,2,rem,18,0.3694777779,0.3984375,0.3694777779,0.40234375,0.40234375,0.03286597209,0.03286597209,0.08895250014,0.03286597209,0,1,0.02995640736,0.02083333333,0.009123074025,0.1363876632,0.1328125,0.9737867553,,,,,,,,0.9824769515,0.07590194286,0,1,,0.02903873645,65,66560,19,19,20,20,240,260,0.1083949,0.0002239399997
n6_L4_ideal_s2,6,4,ideal,0,0,0,2,rem_tensored,18,0.3694777779,0.3984375,0.3694777779,0.40234375,0.40234375,0.03286597209,0.03286597209,0.08895250014,0.03286597209,0,1,0.02995640736,0.02083333333,0.009123074025,0.1363876632,0.1328125,0.9737867553,,,,,,,,0.9824769515,0.07590194286,0,1,,0.02903873645,3,3072,19,19,20,20,54,74,0.006906600003,0.0002239399997
n6_L4_ideal_s2,6,4,ideal,0,0,0,2,zne,18,0.3694777779,0.3984375,0.3694777779,0.4001464844,0.4001464844,0.03066870647,0.03066870647,0.08300555081,0.03286597209,6.685533654,1.071645201,0.02995640736,0.01493326823,0.01502313913,0.1363876632,0.1306152344,0.9576763127,0.40234375,0.390625,0.357421875,0.4001464844,0.4171549479,0.4185444354,0,,,,,0.06550029381,0.02903873645,3,3072,19,95,20,180,432,612,0.0223344,0.0002239399997
n6_L4_ideal_s2,6,4,ideal,0,0,0,2,zne_rem,18,0.3694777779,0.3984375,0.3694777779,0.4001464844,0.4001464844,0.03066870647,0.03066870647,0.08300555081,0.03286597209,6.685533654,1.071645201,0.02995640736,0.01493326823,0.01502313913,0.1363876632,0.1306152344,0.9576763127,0.40234375,0.390625,0.357421875,0.4001464844,0.4171549479,0.4185444354,0,,,0,1,,0.02903873645,67,68608,19,95,20,180,624,804,0.1272961,0.0002239399997
n6_L4_ideal_s3,6,4,ideal,0,0,0,3,none,8,0.3836986438,0.423828125,0.3836986438,0.3671875,0.3671875,0.01651114375,-0.01651114375,0.04303154056,0.01651114375,,,0.05929448625,0.06184895833,0.002554472085,0.0927345797,0.08984375,0.968826842,,,,,,,,0.9754415609,0.0881524567,,,0.02906709204,0.02885807389,1,1024,19,19,20,20,48,68,0.003491899999,0.0002336799997
n6_L4_ideal_s3,6,4,ideal,0,0,0,3,rem,8,0.3836986438,0.423828125,0.3836986438,0.3671875,0.3671875,0.01651114375,-0.01651114375,0.04303154056,0.01651114375,0,1,0.05929448625,0.06184895833,0.002554472085,0.0927345797,0.08984375,0.968826842,,,,,,,,0.9754415609,0.0881524567,0,1,,0.02885807389,65,66560,19,19,20,20,240,260,0.1113548,0.0002336799997
n6_L4_ideal_s3,6,4,ideal,0,0,0,3,rem_tensored,8,0.3836986438,0.423828125,0.3836986438,0.3671875,0.3671875,0.01651114375,-0.01651114375,0.04303154056,0.01651114375,0,1,0.05929448625,0.06184895833,0.002554472085,0.0927345797,0.08984375,0.968826842,,,,,,,,0.9754415609,0.0881524567,0,1,,0.02885807389,3,3072,19,19,20,20,54,74,0.0066142,0.0002336799997
n6_L4_ideal_s3,6,4,ideal,0,0,0,3,zne,8,0.3836986438,0.423828125,0.3836986438,0.4284667969,0.4284667969,0.04476815312,0.04476815312,0.1166752968,0.01651114375,-171.1390186,0.3688144942,0.05929448625,0.06424967448,0.004955188231,0.0927345797,0.08386230469,0.9043261419,0.3671875,0.33984375,0.439453125,0.4284667969,0.3279622396,0.3320280254,0,,,,,0.06656421384,0.02885807389,3,3072,19,95,20,180,432,612,0.02093569999,0.0002336799997
n6_L4_ideal_s3,6,4,ideal,0,0,0,3,zne_rem,8,0.3836986438,0.423828125,0.3836986438,0.4284667969,0.4284667969,0.04476815312,0.04476815312,0.1166752968,0.01651114375,-171.1390186,0.3688144942,0.05929448625,0.06424967448,0.004955188231,0.0927345797,0.08386230469,0.9043261419,0.3671875,0.33984375,0.439453125,0.4284667969,0.3279622396,0.3320280254,0,,,0,1,,0.02885807389,67,68608,19,95,20,180,624,804,0.1287986,0.0002336799997
n6_L4_ideal_s4,6,4,ideal,0,0,0,4,none,15,0.3381673031,0.3046875,0.3381673031,0.357421875,0.357421875,0.01925457185,0.01925457185,0.05693800576,0.01925457185,,,-0.1058645258,-0.1012369792,0.004627546627,0.07405868198,0.0859375,1.160397373,,,,,,,,0.9821641244,0.0952377335,,,0.02918572002,0.02940893776,1,1024,19,19,20,20,48,68,0.003403999999,0.0002093799994
n6_L4_ideal_s4,6,4,ideal,0,0,0,4,rem,15,0.3381673031,0.3046875,0.3381673031,0.357421875,0.357421875,0.01925457185,0.01925457185,0.05693800576,0.01925457185,0,1,-0.1058645258,-0.1012369792,0.004627546627,0.07405868198,0.0859375,1.160397373,,,,,,,,0.9821641244,0.0952377335,0,1,,0.02940893776,65,66560,19,19,20,20,240,260,0.0849793,0.0002093799994
n6_L4_ideal_s4,6,4,ideal,0,0,0,4,rem_tensored,15,0.3381673031,0.3046875,0.3381673031,0.357421875,0.357421875,0.01925457185,0.01925457185,0.05693800576,0.01925457185,0,1,-0.1058645258,-0.1012369792,0.004627546627,0.07405868198,0.0859375,1.160397373,,,,,,,,0.9821641244,0.0952377335,0,1,,0.02940893776,3,3072,19,19,20,20,54,74,0.0063003,0.0002093799994
n6_L4_ideal_s4,6,4,ideal,0,0,0,4,zne,15,0.3381673031,0.3046875,0.3381673031,0.3684082031,0.3684082031,0.03024089998,0.03024089998,0.0894258543,0.01925457185,-57.05828313,0.6367063106,-0.1058645258,-0.1067301432,0.0008656174357,0.07405868198,0.1036376953,1.399399673,0.357421875,0.33984375,0.328125,0.3684082031,0.3637695313,0.3642136919,0,,,,,0.06683430388,0.02940893776,3,3072,19,95,20,180,432,612,0.0212492,0.0002093799994
n6_L4_ideal_s4,6,4,ideal,0,0,0,4,zne_rem,15,0.3381673031,0.3046875,0.3381673031,0.3684082031,0.3684082031,0.03024089998,0.03024089998,0.0894258543,0.01925457185,-57.05828313,0.6367063106,-0.1058645258,-0.1067301432,0.0008656174357,0.07405868198,0.1036376953,1.399399673,0.357421875,0.33984375,0.328125,0.3684082031,0.3637695313,0.3642136919,0,,,0,1,,0.02940893776,67,68608,19,95,20,180,624,804,0.1028245,0.0002093799994
n6_L4_low_s0,6,4,low,0.001,0.005,0.01,0,none,13,-0.3106903907,-0.296875,-0.2422142487,-0.275390625,-0.275390625,0.03529976568,0.03529976568,0.1136171788,0.03529976568,,,0.0252339635,0.03352864583,0.00829468233,0.1528365376,0.1591796875,1.041502837,,,,,,,,0.9787446796,0.09006851082,,,0.03004163783,0.02970347401,1,1024,19,19,20,20,48,68,0.0080361,0.0004041399996
n6_L4_low_s0,6,4,low,0.001,0.005,0.01,0,rem,13,-0.3106903907,-0.296875,-0.2422142487,-0.3123373819,-0.3123373819,0.001646991206,-0.001646991206,0.005301069024,0.03529976568,95.33427156,21.43288049,0.0252339635,0.03373687506,0.008502911559,0.1528365376,0.1683260932,1.101347203,,,,,,,,0.9812234278,0.08561541815,0.0005253957586,1.136553685,,0.02970347401,65,66560,19,19,20,20,240,260,0.2077549,0.0004041399996
n6_L4_low_s0,6,4,low,0.001,0.005,0.01,0,rem_tensored,13,-0.3106903907,-0.296875,-0.2422142487,-0.3128062821,-0.3128062821,0.002115891411,-0.002115891411,0.006810289197,0.03529976568,94.00593355,16.68316507,0.0252339635,0.03175377784,0.006519814339,0.1528365376,0.1683726706,1.101651956,,,,,,,,0.9813319263,0.08549816466,0.0008187884467,1.142102476,,0.02970347401,3,3072,19,19,20,20,54,74,0.0153681,0.0004041399996
n6_L4_low_s0,6,4,low,0.001,0.005,0.01,0,zne,13,-0.3106903907,-0.296875,-0.2422142487,-0.3642578125,-0.3642578125,0.05356742182,-0.05356742182,0.1724141571,0.03529976568,-51.75007763,0.6589782461,0.0252339635,0.03271484375,0.007480880246,0.1528365376,0.1766357422,1.155716722,-0.275390625,-0.1796875,-0.193359375,-0.3642578125,-0.2776692708,-0.2767782904,0,,,,,0.06914953492,0.02970347401,3,3072,19,95,20,180,432,612,0.0450764,0.0004041399996
n6_L4_low_s0,6,4,low,0.001,0.005,0.01,0,zne_rem,13,-0.3106903907,-0.296875,-0.2422142487,-0.4132640497,-0.4132640497,0.102573659,-0.102573659,0.3301475104,0.03529976568,-190.5788665,0.34414065,0.0252339635,0.0329974293,0.007763465793,0.1528365376,0.1869357685,1.223109156,-0.3123373819,-0.204186749,-0.2209730532,-0.4132640497,-0.3143556412,-0.313119729,0,,,0.0001751319195,1.136553685,,0.02970347401,67,68608,19,95,20,180,624,804,0.2447952,0.0004041399996
n6_L4_low_s1,6,4,low,0.001,0.005,0.01,1,none,14,0.435397336,0.4609375,0.3407388851,0.33984375,0.33984375,0.095553586,-0.095553586,0.2194629551,0.095553586,,,0.009349483368,0.013671875,0.004322391632,0.1773398,0.1572265625,0.8865836238,,,,,,,,0.9724404981,0.0999319731,,,0.02939005973,0.0281324497,1,1024,19,19,20,20,48,68,0.008354099999,0.0004253000006
n6_L4_low_s1,6,4,low,0.001,0.005,0.01,1,rem,14,0.435397336,0.4609375,0.3407388851,0.3915896611,0.3915896611,0.04380767495,-0.04380767495,0.100615395,0.095553586,54.15381382,2.181206515,0.009349483368,0.01436373163,0.005014248258,0.1773398,0.1672146219,0.9429052133,,,,,,,,0.9723151562,0.09130390695,0.0006711545858,1.134589379,,0.0281324497,65,66560,19,19,20,20,240,260,0.21284,0.0004253000006
n6_L4_low_s1,6,4,low,0.001,0.005,0.01,1,rem_tensored,14,0.435397336,0.4609375,0.3407388851,0.3942481248,0.3942481248,0.04114921123,-0.04114921123,0.09450956133,0.095553586,56.93598435,2.322124365,0.009349483368,0.01656782501,0.007218341642,0.1773398,0.1693652479,0.9550323613,,,,,,,,0.9676072204,0.08904984404,0.001877558032,1.15385418,,0.0281324497,3,3072,19,19,20,20,54,74,0.0155564,0.0004253000006
n6_L4_low_s1,6,4,low,0.001,0.005,0.01,1,zne,14,0.435397336,0.4609375,0.3407388851,0.400390625,0.400390625,0.035006711,-0.035006711,0.08040175745,0.095553586,63.36431476,2.72957908,0.009349483368,-0.004801432292,0.01415091566,0.1773398,0.1961669922,1.106164506,0.33984375,0.248046875,0.1953125,0.400390625,0.3694661458,0.3854129458,0,,,,,0.06782917745,0.0281324497,3,3072,19,95,20,180,432,612,0.0456222,0.0004253000006
n6_L4_low_s1,6,4,low,0.001,0.005,0.01,1,zne_rem,14,0.435397336,0.4609375,0.3407388851,0.4603311565,0.4603311565,0.0249338205,0.0249338205,0.05726681915,0.095553586,73.90592908,3.832288197,0.009349483368,-0.004514391118,0.01386387449,0.1773398,0.2090560325,1.178844414,0.3915896611,0.2871079324,0.2266278868,0.4603311565,0.4254964908,0.4434741602,0,,,0.0002237181953,1.134589379,,0.0281324497,67,68608,19,95,20,180,624,804,0.2501081,0.0004253000006
n6_L4_low_s2,6,4,low,0.001,0.005,0.01,2,none,18,0.3694777779,0.3984375,0.2960258772,0.2890625,0.2890625,0.08041527791,-0.08041527791,0.2176457766,0.08041527791,,,0.02995640736,0.02669270833,0.003263699025,0.1363876632,0.125,0.9165051815,,,,,,,,0.9743013804,0.1032167196,,,0.0299159446,0.02903873645,1,1024,19,19,20,20,48,68,0.008638700001,0.0005289200002
n6_L4_low_s2,6,4,low,0.001,0.005,0.01,2,rem,18,0.3694777779,0.3984375,0.2960258772,0.3222423473,0.3222423473,0.04723543057,-0.04723543057,0.127843766,0.08041527791,41.26062633,1.702435586,0.02995640736,0.02626191272,0.003694494639,0.1363876632,0.1311749378,0.9617800812,,,,,,,,0.9774077303,0.09336211219,0.0006894311836,1.132912873,,0.02903873645,65,66560,19,19,20,20,240,260,0.2348352,0.0005289200002
n6_L4_low_s2,6,4,low,0.001,0.005,0.01,2,rem_tensored,18,0.3694777779,0.3984375,0.2960258772,0.318948164,0.318948164,0.05052961391,-0.05052961391,0.136759548,0.08041527791,37.16416181,1.591448493,0.02995640736,0.02520542432,0.004750983039,0.1363876632,0.1305677873,0.9573284289,,,,,,,,0.9772660859,0.09522444109,0.000383122348,1.104717177,,0.02903873645,3,3072,19,19,20,20,54,74,0.0161307,0.0005289200002
n6_L4_low_s2,6,4,low,0.001,0.005,0.01,2,zne,18,0.3694777779,0.3984375,0.2960258772,0.3229980469,0.3229980469,0.04647973103,-0.04647973103,0.125798448,0.08041527791,42.20037256,1.730114958,0.02995640736,0.01818847656,0.0117679308,0.1363876632,0.1048583984,0.7688261239,0.2890625,0.24609375,0.236328125,0.3229980469,0.2967122396,0.2979498525,0,,,,,0.0686256837,0.02903873645,3,3072,19,95,20,180,432,612,0.046389,0.0005289200002
n6_L4_low_s2,6,4,low,0.001,0.005,0.01,2,zne_rem,18,0.3694777779,0.3984375,0.2960258772,0.3598960651,0.3598960651,0.009581712843,-0.009581712843,0.02593312349,0.08041527791,88.0847109,8.392578574,0.02995640736,0.01749422864,0.01246217872,0.1363876632,0.1097010983,0.8043330002,0.3222423473,0.2746394562,0.2639759574,0.3598960651,0.3306523794,0.3319966116,0,,,0.0004293199708,1.132912873,,0.02903873645,67,68608,19,95,20,180,624,804,0.2725855,0.0005289200002
n6_L4_low_s3,6,4,low,0.001,0.005,0.01,3,none,8,0.3836986438,0.423828125,0.3042363942,0.2890625,0.2890625,0.09463614375,-0.09463614375,0.2466418511,0.09463614375,,,0.05929448625,0.046875,0.01241948625,0.0927345797,0.0927734375,1.000419022,,,,,,,,0.9760605963,0.09313805496,,,0.0299159446,0.02885807389,1,1024,19,19,20,20,48,68,0.007923700003,0.0004582199996
n6_L4_low_s3,6,4,low,0.001,0.005,0.01,3,rem,8,0.3836986438,0.423828125,0.3042363942,0.3228030841,0.3228030841,0.06089555961,-0.06089555961,0.1587067367,0.09463614375,35.65295753,1.554072979,0.05929448625,0.04666730848,0.01262717776,0.0927345797,0.09749828138,1.051369205,,,,,,,,0.9753382174,0.08976940991,0.0006898870913,1.137427146,,0.02885807389,65,66560,19,19,20,20,240,260,0.2100453,0.0004582199996
n6_L4_low_s3,6,4,low,0.001,0.005,0.01,3,rem_tensored,8,0.3836986438,0.423828125,0.3042363942,0.3267253182,0.3267253182,0.05697332556,-0.05697332556,0.1484845633,0.09463614375,39.79749881,1.661060554,0.05929448625,0.04988587325,0.009408612998,0.0927345797,0.09799080962,1.056680366,,,,,,,,0.9762034811,0.08875745025,0.0005526374988,1.129439943,,0.02885807389,3,3072,19,19,20,20,54,74,0.0150614,0.0004582199996
n6_L4_low_s3,6,4,low,0.001,0.005,0.01,3,zne,8,0.3836986438,0.423828125,0.3042363942,0.3264160156,0.3264160156,0.05728262813,-0.05728262813,0.1492906714,0.09463614375,39.47066538,1.652091513,0.05929448625,0.04536946615,0.0139250201,0.0927345797,0.080078125,0.8635195766,0.2890625,0.21875,0.154296875,0.3264160156,0.3217773438,0.3421697535,0,,,,,0.06879883542,0.02885807389,3,3072,19,95,20,180,432,612,0.0460212,0.0004582199996
n6_L4_low_s3,6,4,low,0.001,0.005,0.01,3,zne_rem,8,0.3836986438,0.423828125,0.3042363942,0.364359486,0.364359486,0.01933915776,-0.01933915776,0.05040194453,0.09463614375,79.56472338,4.89349872,0.05929448625,0.04518349364,0.01411099261,0.0927345797,0.08379532478,0.9036038665,0.3228030841,0.2435503397,0.169444341,0.364359486,0.360284979,0.3844006525,0,,,0.0002299623638,1.137427146,,0.02885807389,67,68608,19,95,20,180,624,804,0.2481428,0.0004582199996
n6_L4_low_s4,6,4,low,0.001,0.005,0.01,4,none,15,0.3381673031,0.3046875,0.2678379554,0.248046875,0.248046875,0.09012042815,-0.09012042815,0.2664965752,0.09012042815,,,-0.1058645258,-0.09733072917,0.008533796627,0.07405868198,0.0634765625,0.8571116958,,,,,,,,0.9751383496,0.0999058072,,,0.03027337597,0.02940893776,1,1024,19,19,20,20,48,68,0.008195100003,0.0004368799993
n6_L4_low_s4,6,4,low,0.001,0.005,0.01,4,rem,15,0.3381673031,0.3046875,0.2678379554,0.2791687095,0.2791687095,0.05899859366,-0.05899859366,0.1744656953,0.09012042815,34.53360701,1.527501294,-0.1058645258,-0.09927524545,0.006589280344,0.07405868198,0.06541442276,0.8832782464,,,,,,,,0.9770913634,0.09062158003,1.92719068e-05,1.136037956,,0.02940893776,65,66560,19,19,20,20,240,260,0.2112398,0.0004368799993
n6_L4_low_s4,6,4,low,0.001,0.005,0.01,4,rem_tensored,15,0.3381673031,0.3046875,0.2678379554,0.2784344813,0.2784344813,0.05973282187,-0.05973282187,0.1766368934,0.09012042815,33.71888805,1.508725443,-0.1058645258,-0.09854207439,0.007322451399,0.07405868198,0.06496285213,0.877180776,,,,,,,,0.9769133912,0.09250420072,4.733669387e-05,1.123317103,,0.02940893776,3,3072,19,19,20,20,54,74,0.0154001,0.0004368799993
n6_L4_low_s4,6,4,low,0.001,0.005,0.01,4,zne,15,0.3381673031,0.3046875,0.2678379554,0.25390625,0.25390625,0.08426105315,-0.08426105315,0.2491697227,0.09012042815,6.501716781,1.069538355,-0.1058645258,-0.0986328125,0.007231713294,0.07405868198,0.06457519531,0.8719463213,0.248046875,0.224609375,0.185546875,0.25390625,0.2662760417,0.2708310881,0,,,,,0.06930722142,0.02940893776,3,3072,19,95,20,180,432,612,0.044833,0.0004368799993
n6_L4_low_s4,6,4,low,0.001,0.005,0.01,4,zne_rem,15,0.3381673031,0.3046875,0.2678379554,0.2862498093,0.2862498093,0.05191749384,-0.05191749384,0.1535260605,0.09012042815,42.39098182,1.735839338,-0.1058645258,-0.1006123204,0.005252205424,0.07405868198,0.06618559339,0.8936912138,0.2791687095,0.2523360087,0.2086093065,0.2862498093,0.2996242272,0.3047612017,0,,,6.423968932e-06,1.136037956,,0.02940893776,67,68608,19,95,20,180,624,804,0.2478777,0.0004368799993
n6_L4_moderate_s0,6,4,moderate,0.01,0.02,0.03,0,none,13,-0.3106903907,-0.296875,-0.1055600383,-0.15234375,-0.15234375,0.1583466407,0.1583466407,0.509660567,0.1583466407,,,0.0252339635,0.03385416667,0.008620203163,0.1528365376,0.12109375,0.7923089067,,,,,,,,0.9271544507,0.1918525194,,,0.0308852365,0.02970347401,1,1024,19,19,20,20,48,68,0.008063699999,0.0003818199999
n6_L4_moderate_s0,6,4,moderate,0.01,0.02,0.03,0,rem,13,-0.3106903907,-0.296875,-0.1055600383,-0.2317698006,-0.2317698006,0.07892059006,0.07892059006,0.2540168361,0.1583466407,50.15960571,2.006404673,0.0252339635,0.03229278529,0.007058821785,0.1528365376,0.1497250841,0.9796419526,,,,,,,,0.9338662714,0.1588553868,0.001645534632,1.499377456,,0.02970347401,65,66560,19,19,20,20,240,260,0.2159352,0.0003818199999
n6_L4_moderate_s0,6,4,moderate,0.01,0.02,0.03,0,rem_tensored,13,-0.3106903907,-0.296875,-0.1055600383,-0.2308282569,-0.2308282569,0.07986213374,0.07986213374,0.2570473247,0.1583466407,49.56499652,1.982749938,0.0252339635,0.0278008445,0.002566880994,0.1528365376,0.1459364791,0.9548533445,,,,,,,,0.9364550797,0.1574312489,0.003174245488,1.526111057,,0.02970347401,3,3072,19,19,20,20,54,74,0.0152456,0.0003818199999
n6_L4_moderate_s0,6,4,moderate,0.01,0.02,0.03,0,zne,13,-0.3106903907,-0.296875,-0.1055600383,-0.2973632812,-0.2973632812,0.01332710943,0.01332710943,0.04289514523,0.1583466407,91.58358562,11.88154427,0.0252339635,0.03995768229,0.01472371879,0.1528365376,0.1793212891,1.173288089,-0.15234375,0.01171875,0.0078125,-0.2973632812,-0.1643880208,,0,,,,,0.0708275169,0.02970347401,3,3072,19,95,20,180,432,612,0.0450093,0.0003818199999
n6_L4_moderate_s0,6,4,moderate,0.01,0.02,0.03,0,zne_rem,13,-0.3106903907,-0.296875,-0.1055600383,-0.4509924486,-0.4509924486,0.1403020579,-0.1403020579,0.4515815813,0.1583466407,11.39562082,1.128612388,0.0252339635,0.03913147761,0.01389751411,0.1528365376,0.2245342293,1.469113556,-0.2317698006,0.01769170446,0.01517482169,-0.4509924486,-0.2515095582,,0,,,0.0005485115439,1.499377456,,0.02970347401,67,68608,19,95,20,180,624,804,0.2528808,0.0003818199999
n6_L4_moderate_s1,6,4,moderate,0.01,0.02,0.03,1,none,14,0.435397336,0.4609375,0.1517779413,0.142578125,0.142578125,0.292819211,-0.292819211,0.6725333088,0.292819211,,,0.009349483368,0.04134114583,0.03199166246,0.1773398,0.0849609375,0.4790855607,,,,,,,,0.8950583869,0.2600625422,,,0.03093073598,0.0281324497,1,1024,19,19,20,20,48,68,0.0078005,0.0004269999998
n6_L4_moderate_s1,6,4,moderate,0.01,0.02,0.03,1,rem,14,0.435397336,0.4609375,0.1517779413,0.2287146892,0.2287146892,0.2066826468,-0.2066826468,0.4746989237,0.292819211,29.41629545,1.416757602,0.009349483368,0.0378997069,0.02855022353,0.1773398,0.1031696112,0.5817623071,,,,,,,,0.9182949698,0.227392465,0,1.494076415,,0.0281324497,65,66560,19,19,20,20,240,260,0.2130563,0.0004269999998
n6_L4_moderate_s1,6,4,moderate,0.01,0.02,0.03,1,rem_tensored,14,0.435397336,0.4609375,0.1517779413,0.2120871657,0.2120871657,0.2233101703,-0.2233101703,0.5128882331,0.292819211,23.73786898,1.311266793,0.009349483368,0.03875842026,0.02940893689,0.1773398,0.1007889603,0.5683380734,,,,,,,,0.9155242271,0.2319860436,0,1.485206985,,0.0281324497,3,3072,19,19,20,20,54,74,0.0151742,0.0004269999998
n6_L4_moderate_s1,6,4,moderate,0.01,0.02,0.03,1,zne,14,0.435397336,0.4609375,0.1517779413,0.2524414062,0.2524414062,0.1829559298,-0.1829559298,0.4202045227,0.292819211,37.51915077,1.60049041,0.009349483368,0.04207356771,0.03272408434,0.1773398,0.1159667969,0.6539242567,0.142578125,0.013671875,0.005859375,0.2524414062,0.1565755208,0.246733789,0,,,,,0.0708967783,0.0281324497,3,3072,19,95,20,180,432,612,0.0452915,0.0004269999998
n6_L4_moderate_s1,6,4,moderate,0.01,0.02,0.03,1,zne_rem,14,0.435397336,0.4609375,0.1517779413,0.3945663798,0.3945663798,0.04083095622,-0.04083095622,0.09377860828,0.292819211,86.05591618,7.171500208,0.009349483368,0.03866246705,0.02931298368,0.1773398,0.1428961482,0.8057759636,0.2287146892,0.03410924674,0.02230105573,0.3945663798,0.249851889,0.3199315079,0,,,0,1.494076415,,0.0281324497,67,68608,19,95,20,180,624,804,0.2505473,0.0004269999998
n6_L4_moderate_s2,6,4,moderate,0.01,0.02,0.03,2,none,18,0.3694777779,0.3984375,0.1479419631,0.12109375,0.12109375,0.2483840279,-0.2483840279,0.6722570145,0.2483840279,,,0.02995640736,0.03059895833,0.0006425509747,0.1363876632,0.0751953125,0.5513351482,,,,,,,,0.9097431112,0.2432625669,,,0.03102003359,0.02903873645,1,1024,19,19,20,20,48,68,0.008449600002,0.0004159800003
n6_L4_moderate_s2,6,4,moderate,0.01,0.02,0.03,2,rem,18,0.3694777779,0.3984375,0.1479419631,0.1895136419,0.1895136419,0.179964136,-0.179964136,0.4870770227,0.2483840279,27.54601109,1.38018626,0.02995640736,0.02807967238,0.001876734977,0.1363876632,0.08960324318,0.6569746932,,,,,,,,0.9337767347,0.2010845335,0.003715569989,1.506254799,,0.02903873645,65,66560,19,19,20,20,240,260,0.2156317,0.0004159800003
n6_L4_moderate_s2,6,4,moderate,0.01,0.02,0.03,2,rem_tensored,18,0.3694777779,0.3984375,0.1479419631,0.1849068898,0.1849068898,0.1845708881,-0.1845708881,0.4995453019,0.2483840279,25.69132175,1.345737838,0.02995640736,0.02626864358,0.003687763779,0.1363876632,0.08976421342,0.6581549337,,,,,,,,0.9316899922,0.2051464356,0.003859614229,1.525408141,,0.02903873645,3,3072,19,19,20,20,54,74,0.0159075,0.0004159800003
n6_L4_moderate_s2,6,4,moderate,0.01,0.02,0.03,2,zne,18,0.3694777779,0.3984375,0.1479419631,0.1552734375,0.1552734375,0.2142043404,-0.2142043404,0.5797489138,0.2483840279,13.76082343,1.159565803,0.02995640736,0.04663085938,0.01667445202,0.1363876632,0.0966796875,0.7088594763,0.12109375,0.064453125,0.0234375,0.1552734375,0.1429036458,0.1945360814,0,,,,,0.07099068594,0.02903873645,3,3072,19,95,20,180,432,612,0.0462473,0.0004159800003
n6_L4_moderate_s2,6,4,moderate,0.01,0.02,0.03,2,zne_rem,18,0.3694777779,0.3984375,0.1479419631,0.2375008609,0.2375008609,0.131976917,-0.131976917,0.3571985242,0.2483840279,46.86577953,1.882026293,0.02995640736,0.04595353163,0.01599712427,0.1363876632,0.116906875,0.8571660534,0.1895136419,0.1070638943,0.04264706751,0.2375008609,0.2232247987,0.2916560841,0,,,0.00123852333,1.506254799,,0.02903873645,67,68608,19,95,20,180,624,804,0.2534294,0.0004159800003
n6_L4_moderate_s3,6,4,moderate,0.01,0.02,0.03,3,none,8,0.3836986438,0.423828125,0.1450904916,0.111328125,0.111328125,0.2723705188,-0.2723705188,0.7098553075,0.2723705188,,,0.05929448625,0.02506510417,0.03422938208,0.0927345797,0.05078125,0.5475977803,,,,,,,,0.896302297,0.2474328186,,,0.03105574072,0.02885807389,1,1024,19,19,20,20,48,68,0.008010599999,0.0004164800004
n6_L4_moderate_s3,6,4,moderate,0.01,0.02,0.03,3,rem,8,0.3836986438,0.423828125,0.1450904916,0.160349487,0.160349487,0.2233491568,-0.2233491568,0.5820952469,0.2723705188,17.99804259,1.219483085,0.05929448625,0.02240763882,0.03688684743,0.0927345797,0.05827993409,0.6284595701,,,,,,,,0.9172242452,0.2154842787,0,1.49847406,,0.02885807389,65,66560,19,19,20,20,240,260,0.2113864,0.0004164800004
n6_L4_moderate_s3,6,4,moderate,0.01,0.02,0.03,3,rem_tensored,8,0.3836986438,0.423828125,0.1450904916,0.1609287501,0.1609287501,0.2227698937,-0.2227698937,0.5805855644,0.2723705188,18.21071727,1.222654077,0.05929448625,0.02072936776,0.03856511849,0.0927345797,0.05650073394,0.6092736293,,,,,,,,0.9168872116,0.2160471255,0,1.463199902,,0.02885807389,3,3072,19,19,20,20,54,74,0.0153779,0.0004164800004
n6_L4_moderate_s3,6,4,moderate,0.01,0.02,0.03,3,zne,8,0.3836986438,0.423828125,0.1450904916,0.1589355469,0.1589355469,0.2247630969,-0.2247630969,0.5857802745,0.2723705188,17.47891882,1.211811559,0.05929448625,0.0185139974,0.04078048885,0.0927345797,0.07604980469,0.8200803296,0.111328125,0.052734375,0.04296875,0.1589355469,0.1202799479,0.1290346269,0,,,,,0.07105904165,0.02885807389,3,3072,19,95,20,180,432,612,0.0458602,0.0004164800004
n6_L4_moderate_s3,6,4,moderate,0.01,0.02,0.03,3,zne_rem,8,0.3836986438,0.423828125,0.1450904916,0.2274928894,0.2274928894,0.1562057543,-0.1562057543,0.4071053074,0.2723705188,42.64953673,1.743665078,0.05929448625,0.01529772638,0.04399675987,0.0927345797,0.08922296089,0.9621325851,0.160349487,0.07883857614,0.06769552416,0.2274928894,0.1717850012,0.1812742632,0,,,0,1.49847406,,0.02885807389,67,68608,19,95,20,180,624,804,0.249236,0.0004164800004
n6_L4_moderate_s4,6,4,moderate,0.01,0.02,0.03,4,none,15,0.3381673031,0.3046875,0.1277949669,0.111328125,0.111328125,0.2268391781,-0.2268391781,0.6707898015,0.2268391781,,,-0.1058645258,-0.0693359375,0.03652858829,0.07405868198,0.04296875,0.5801986864,,,,,,,,0.9115037588,0.2255970477,,,0.03105574072,0.02940893776,1,1024,19,19,20,20,48,68,0.008077400002,0.0003990799996
n6_L4_moderate_s4,6,4,moderate,0.01,0.02,0.03,4,rem,15,0.3381673031,0.3046875,0.1277949669,0.1628384406,0.1628384406,0.1753288625,-0.1753288625,0.5184678142,0.2268391781,22.70785676,1.293792562,-0.1058645258,-0.07843183716,0.02743268863,0.07405868198,0.04611762327,0.6227173106,,,,,,,,0.9295576457,0.1923557029,0,1.496280062,,0.02940893776,65,66560,19,19,20,20,240,260,0.2150502,0.0003990799996
n6_L4_moderate_s4,6,4,moderate,0.01,0.02,0.03,4,rem_tensored,15,0.3381673031,0.3046875,0.1277949669,0.173069257,0.173069257,0.1650980462,-0.1650980462,0.4882141018,0.2268391781,27.21801961,1.373966461,-0.1058645258,-0.07779970051,0.02806482528,0.07405868198,0.0462783923,0.6248881435,,,,,,,,0.9310024284,0.1905035291,0,1.546452031,,0.02940893776,3,3072,19,19,20,20,54,74,0.0154005,0.0003990799996
n6_L4_moderate_s4,6,4,moderate,0.01,0.02,0.03,4,zne,15,0.3381673031,0.3046875,0.1277949669,0.1784667969,0.1784667969,0.1597005063,-0.1597005063,0.4722529493,0.2268391781,29.59747625,1.420403626,-0.1058645258,-0.1167399089,0.01087538306,0.07405868198,0.05786132812,0.7812902765,0.111328125,0.04296875,0.0625,0.1784667969,0.1088867188,0.1030994152,0,,,,,0.0710670852,0.02940893776,3,3072,19,95,20,180,432,612,0.044906,0.0003990799996
n6_L4_moderate_s4,6,4,moderate,0.01,0.02,0.03,4,zne_rem,15,0.3381673031,0.3046875,0.1277949669,0.2626631554,0.2626631554,0.07550414776,-0.07550414776,0.2232745362,0.2268391781,66.71467937,3.004327377,-0.1058645258,-0.1293994839,0.02353495813,0.07405868198,0.06288939738,0.8491833192,0.1628384406,0.06175766921,0.09210177519,0.2626631554,0.1586184608,0.1494589676,0,,,0,1.496280062,,0.02940893776,67,68608,19,95,20,180,624,804,0.2518788,0.0003990799996
n6_L4_high_s0,6,4,high,0.03,0.05,0.05,0,none,13,-0.3106903907,-0.296875,-0.02345616182,0.01171875,0.01171875,0.3224091407,0.3224091407,1.037718418,0.3224091407,,,0.0252339635,0.01822916667,0.007004796837,0.1528365376,0.03125,0.2044668146,,,,,,,,0.7961211916,0.3682064498,,,0.03124785416,0.02970347401,1,1024,19,19,20,20,48,68,0.008001900002,0.0003892799999
n6_L4_high_s0,6,4,high,0.03,0.05,0.05,0,rem,13,-0.3106903907,-0.296875,-0.02345616182,0.03026286631,0.03026286631,0.340953257,0.340953257,1.097405221,0.3224091407,-5.751734045,0.9456109718,0.0252339635,0.006571152801,0.0186628107,0.1528365376,0.0346610048,0.2267848078,,,,,,,,0.8114457316,0.358598539,0,2.071701317,,0.02970347401,65,66560,19,19,20,20,240,260,0.2169338,0.0003892799999
n6_L4_high_s0,6,4,high,0.03,0.05,0.05,0,rem_tensored,13,-0.3106903907,-0.296875,-0.02345616182,0.02472787309,0.02472787309,0.3354182638,0.3354182638,1.07959008,0.3224091407,-4.034973409,0.9612152214,0.0252339635,0.003982675639,0.02125128786,0.1528365376,0.03408698082,0.2230290044,,,,,,,,0.8133408084,0.3584262494,0,2.011381321,,0.02970347401,3,3072,19,19,20,20,54,74,0.0154686,0.0003892799999
n6_L4_high_s0,6,4,high,0.03,0.05,0.05,0,zne,13,-0.3106903907,-0.296875,-0.02345616182,0.04296875,0.04296875,0.3536591407,0.3536591407,1.138300866,0.3224091407,-9.692653234,0.911638082,0.0252339635,0.01440429688,0.01082966663,0.1528365376,0.03430175781,0.224434277,0.01171875,0.001953125,0.0625,0.04296875,-0.0126953125,0.003210564525,0,,,,,0.07138222329,0.02970347401,3,3072,19,95,20,180,432,612,0.0453425,0.0003892799999
n6_L4_high_s0,6,4,high,0.03,0.05,0.05,0,zne_rem,13,-0.3106903907,-0.296875,-0.02345616182,0.1051822412,0.1051822412,0.4158726319,0.4158726319,1.338543593,0.3224091407,-28.98909472,0.7752593366,0.0252339635,0.001761414338,0.02347254917,0.1528365376,0.0361528646,0.236545954,0.03026286631,-0.001249644743,0.1250061624,0.1051822412,-0.01971767743,,0,,,0,2.071701317,,0.02970347401,67,68608,19,95,20,180,624,804,0.2542744,0.0003892799999
n6_L4_high_s1,6,4,high,0.03,0.05,0.05,1,none,14,0.435397336,0.4609375,0.0353056015,0.041015625,0.041015625,0.394381711,-0.394381711,0.9057972532,0.394381711,,,0.009349483368,0.03092447917,0.0215749958,0.1773398,0.0380859375,0.2147624927,,,,,,,,0.7794546004,0.3805769726,,,0.03122370329,0.0281324497,1,1024,19,19,20,20,48,68,0.0080117,0.0004759199997
n6_L4_high_s1,6,4,high,0.03,0.05,0.05,1,rem,14,0.435397336,0.4609375,0.0353056015,0.1001078551,0.1001078551,0.3352894809,-0.3352894809,0.7700770151,0.394381711,14.98351178,1.176242422,0.009349483368,0.01803011193,0.008680628562,0.1773398,0.050233475,0.2832611461,,,,,,,,0.7903543164,0.3727908147,0,2.07571675,,0.0281324497,65,66560,19,19,20,20,240,260,0.2159734,0.0004759199997
n6_L4_high_s1,6,4,high,0.03,0.05,0.05,1,rem_tensored,14,0.435397336,0.4609375,0.0353056015,0.08624020704,0.08624020704,0.349157129,-0.349157129,0.801927573,0.394381711,11.46721077,1.129525014,0.009349483368,0.02330951667,0.0139600333,0.1773398,0.0485410228,0.2737175908,,,,,,,,0.7872647026,0.3767016146,0,2.04222885,,0.0281324497,3,3072,19,19,20,20,54,74,0.0155142,0.0004759199997
n6_L4_high_s1,6,4,high,0.03,0.05,0.05,1,zne,14,0.435397336,0.4609375,0.0353056015,0.03930664062,0.03930664062,0.3960906954,-0.3960906954,0.9097223677,0.394381711,-0.4333325627,0.9956853711,0.009349483368,0.04960123698,0.04025175361,0.1773398,0.06030273438,0.3400406135,0.041015625,0.03125,0.00390625,0.03930664062,0.05322265625,0.09978802741,0,,,,,0.07133840256,0.0281324497,3,3072,19,95,20,180,432,612,0.0459342,0.0004759199997
n6_L4_high_s1,6,4,high,0.03,0.05,0.05,1,zne_rem,14,0.435397336,0.4609375,0.0353056015,0.1048779236,0.1048779236,0.3305194124,-0.3305194124,0.7591213474,0.394381711,16.19301729,1.193217996,0.009349483368,0.04013679241,0.03078730904,0.1773398,0.08302788146,0.4681852662,0.1001078551,0.06858658462,0.007757136164,0.1048779236,0.1280802312,0.2561796565,0,,,0,2.07571675,,0.0281324497,67,68608,19,95,20,180,624,804,0.2538959,0.0004759199997
n6_L4_high_s2,6,4,high,0.03,0.05,0.05,2,none,18,0.3694777779,0.3984375,0.04425895305,0.00390625,0.00390625,0.3655715279,-0.3655715279,0.9894276456,0.3655715279,,,0.02995640736,0.01497395833,0.01498244903,0.1363876632,0.0390625,0.2864078692,,,,,,,,0.7969993519,0.3597448616,,,0.03124976158,0.02903873645,1,1024,19,19,20,20,48,68,0.008586800002,0.0003853800001
n6_L4_high_s2,6,4,high,0.03,0.05,0.05,2,rem,18,0.3694777779,0.3984375,0.04425895305,0.001147883741,0.001147883741,0.3683298942,-0.3683298942,0.9968932266,0.3655715279,-0.7545353095,0.9925111529,0.02995640736,0.001356546137,0.02859986122,0.1363876632,0.04782820386,0.3506783732,,,,,,,,0.8173388126,0.3447892791,0,2.089356334,,0.02903873645,65,66560,19,19,20,20,240,260,0.2244694,0.0003853800001
n6_L4_high_s2,6,4,high,0.03,0.05,0.05,2,rem_tensored,18,0.3694777779,0.3984375,0.04425895305,-0.001313207554,-0.001313207554,0.3707909855,-0.3707909855,1.003554226,0.3655715279,-1.427752753,0.9859234508,0.02995640736,-0.002732696363,0.03268910372,0.1363876632,0.04540244981,0.332892644,,,,,,,,0.815011325,0.349443929,0,2.153384277,,0.02903873645,3,3072,19,19,20,20,54,74,0.016085,0.0003853800001
n6_L4_high_s2,6,4,high,0.03,0.05,0.05,2,zne,18,0.3694777779,0.3984375,0.04425895305,-0.02514648438,-0.02514648438,0.3946242623,-0.3946242623,1.068059531,0.3655715279,-7.947209276,0.9263787426,0.02995640736,0.04235839844,0.01240199108,0.1363876632,0.0537109375,0.3938108202,0.00390625,0.01953125,-0.021484375,-0.02514648438,0.01969401042,,0,,,,,0.07138443595,0.02903873645,3,3072,19,95,20,180,432,612,0.0476242,0.0003853800001
n6_L4_high_s2,6,4,high,0.03,0.05,0.05,2,zne_rem,18,0.3694777779,0.3984375,0.04425895305,-0.06052397639,-0.06052397639,0.4300017543,-0.4300017543,1.163809517,0.3655715279,-17.62451982,0.8501628755,0.02995640736,0.03289950668,0.002943099318,0.1363876632,0.06630213868,0.4861300292,0.001147883741,0.03554911757,-0.04863963052,-0.06052397639,0.03335975929,,0,,,0,2.089356334,,0.02903873645,67,68608,19,95,20,180,624,804,0.2635068,0.0003853800001
n6_L4_high_s3,6,4,high,0.03,0.05,0.05,3,none,8,0.3836986438,0.423828125,0.03960728846,0.03125,0.03125,0.3524486438,-0.3524486438,0.9185558758,0.3524486438,,,0.05929448625,0.03125,0.02804448625,0.0927345797,0.025390625,0.2737988901,,,,,,,,0.7865999402,0.3625086832,,,0.03123473748,0.02885807389,1,1024,19,19,20,20,48,68,0.007996799999,0.0003835199997
n6_L4_high_s3,6,4,high,0.03,0.05,0.05,3,rem,8,0.3836986438,0.423828125,0.03960728846,0.06546320323,0.06546320323,0.3182354405,-0.3182354405,0.8293890158,0.3524486438,9.707287526,1.107509092,0.05929448625,0.0188375166,0.04045696965,0.0927345797,0.02851295682,0.3074684429,,,,,,,,0.8017296284,0.3451306468,0,2.061555591,,0.02885807389,65,66560,19,19,20,20,240,260,0.2115783,0.0003835199997
n6_L4_high_s3,6,4,high,0.03,0.05,0.05,3,rem_tensored,8,0.3836986438,0.423828125,0.03960728846,0.05971110067,0.05971110067,0.3239875431,-0.3239875431,0.8443802144,0.3524486438,8.075247607,1.087846281,0.05929448625,0.0118660378,0.04742844845,0.0927345797,0.02843455627,0.3066230134,,,,,,,,0.8001878357,0.3480222365,0,2.010801264,,0.02885807389,3,3072,19,19,20,20,54,74,0.0152241,0.0003835199997
n6_L4_high_s3,6,4,high,0.03,0.05,0.05,3,zne,8,0.3836986438,0.423828125,0.03960728846,0.08959960938,0.08959960938,0.2940990344,-0.2940990344,0.7664844251,0.3524486438,16.55549267,1.198401227,0.05929448625,0.04073079427,0.01856369198,0.0927345797,0.04113769531,0.4436068557,0.03125,-0.0078125,0.056640625,0.08959960938,0.007649739583,,0,,,,,0.07136209834,0.02885807389,3,3072,19,95,20,180,432,612,0.0451949,0.0003835199997
n6_L4_high_s3,6,4,high,0.03,0.05,0.05,3,zne_rem,8,0.3836986438,0.423828125,0.03960728846,0.1766240534,0.1766240534,0.2070745904,-0.2070745904,0.5396802771,0.3524486438,41.24687553,1.702037141,0.05929448625,0.02911125669,0.03018322956,0.0927345797,0.05192517023,0.5599332029,0.06546320323,-0.006949458283,0.1205165986,0.1766240534,0.01838673466,,0,,,0,2.061555591,,0.02885807389,67,68608,19,95,20,180,624,804,0.2487764,0.0003835199997
n6_L4_high_s4,6,4,high,0.03,0.05,0.05,4,none,15,0.3381673031,0.3046875,0.03456543641,0.0234375,0.0234375,0.3147298031,-0.3147298031,0.9306925898,0.3147298031,,,-0.1058645258,-0.02669270833,0.07917181746,0.07405868198,0.02734375,0.3692173459,,,,,,,,0.7961317836,0.3662494799,,,0.03124141575,0.02940893776,1,1024,19,19,20,20,48,68,0.007793300003,0.0004285800002
n6_L4_high_s4,6,4,high,0.03,0.05,0.05,4,rem,15,0.3381673031,0.3046875,0.03456543641,0.04082788396,0.04082788396,0.2973394192,-0.2973394192,0.8792672042,0.3147298031,5.525496404,1.058486641,-0.1058645258,-0.04636212061,0.05950240518,0.07405868198,0.02847542336,0.3844981114,,,,,,,,0.805255304,0.3526274759,0,2.091870141,,0.02940893776,65,66560,19,19,20,20,240,260,0.2121447,0.0004285800002
n6_L4_high_s4,6,4,high,0.03,0.05,0.05,4,rem_tensored,15,0.3381673031,0.3046875,0.03456543641,0.04657270365,0.04657270365,0.2915945995,-0.2915945995,0.862279105,0.3147298031,7.350814388,1.079340302,-0.1058645258,-0.05186175645,0.05400276935,0.07405868198,0.03177472786,0.4290479794,,,,,,,,0.8087062641,0.3502970266,0,2.108983458,,0.02940893776,3,3072,19,19,20,20,54,74,0.0159686,0.0004285800002
n6_L4_high_s4,6,4,high,0.03,0.05,0.05,4,zne,15,0.3381673031,0.3046875,0.03456543641,0.0478515625,0.0478515625,0.2903157406,-0.2903157406,0.8584973708,0.3147298031,7.757149865,1.084094863,-0.1058645258,-0.01497395833,0.09089056746,0.07405868198,0.03503417969,0.4730597244,0.0234375,0.00390625,0.0234375,0.0478515625,0.01692708333,0.01289815332,0,,,,,0.07137542223,0.02940893776,3,3072,19,95,20,180,432,612,0.04477350001,0.0004285800002
n6_L4_high_s4,6,4,high,0.03,0.05,0.05,4,zne_rem,15,0.3381673031,0.3046875,0.03456543641,0.09850002219,0.09850002219,0.239667281,-0.239667281,0.7087239917,0.3147298031,23.84982974,1.3131947,-0.1058645258,-0.03305288432,0.07281164147,0.07405868198,0.03653198412,0.4932842867,0.04082788396,-0.003972310691,0.04528627043,0.09850002219,0.02403682471,,0,,,0,2.091870141,,0.02940893776,67,68608,19,95,20,180,624,804,0.2491249,0.0004285800002
